년도,행정구역별,시,도,고령인구비율,전체인구
2011,서울특별시,서울,종로구,13.5,168382
2011,서울특별시,서울,중구,13.5,133193
2011,서울특별시,서울,용산구,12.8,246501
2011,서울특별시,서울,성동구,10.9,300711
2011,서울특별시,서울,광진구,9,371936
2011,서울특별시,서울,동대문구,12.1,365486
2011,서울특별시,서울,중랑구,10.3,423706
2011,서울특별시,서울,성북구,11.4,485171
2011,서울특별시,서울,강북구,12.6,345054
2011,서울특별시,서울,도봉구,10.9,365573
2011,서울특별시,서울,노원구,9.7,603930
2011,서울특별시,서울,은평구,11.4,493634
2011,서울특별시,서울,서대문구,12.6,314852
2011,서울특별시,서울,마포구,10.9,389493
2011,서울특별시,서울,양천구,8.2,500210
2011,서울특별시,서울,강서구,9.2,569072
2011,서울특별시,서울,구로구,9.7,427468
2011,서울특별시,서울,금천구,10.2,243438
2011,서울특별시,서울,영등포구,10.9,397443
2011,서울특별시,서울,동작구,11,401408
2011,서울특별시,서울,관악구,10,526397
2011,서울특별시,서울,서초구,9,433564
2011,서울특별시,서울,강남구,8.3,565710
2011,서울특별시,서울,송파구,8.1,682209
2011,서울특별시,서울,강동구,8.5,495138
2011,부산광역시,부산,중구,16.9,48686
2011,부산광역시,부산,서구,16.4,123718
2011,부산광역시,부산,동구,17.2,100420
2011,부산광역시,부산,영도구,15.8,143205
2011,부산광역시,부산,부산진구,12.4,395044
2011,부산광역시,부산,동래구,11.1,283742
2011,부산광역시,부산,남구,12.3,295121
2011,부산광역시,부산,북구,9.2,307988
2011,부산광역시,부산,해운대구,10.3,425618
2011,부산광역시,부산,사하구,10,355443
2011,부산광역시,부산,금정구,12,254720
2011,부산광역시,부산,강서구,14.1,64733
2011,부산광역시,부산,연제구,11.7,213326
2011,부산광역시,부산,수영구,13.2,176691
2011,부산광역시,부산,사상구,9.1,254413
2011,부산광역시,부산,기장군,12.9,108095
2011,대구광역시,대구,중구,16.8,76600
2011,대구광역시,대구,동구,12.7,341206
2011,대구광역시,대구,서구,11.7,222619
2011,대구광역시,대구,남구,14.6,169095
2011,대구광역시,대구,북구,9,449775
2011,대구광역시,대구,수성구,10,461083
2011,대구광역시,대구,달서구,7.9,606542
2011,대구광역시,대구,달성군,10.1,180351
2011,인천광역시,인천,중구,12.4,93581
2011,인천광역시,인천,동구,13.7,78692
2011,인천광역시,인천,연수구,7.1,287903
2011,인천광역시,인천,남동구,8,495469
2011,인천광역시,인천,부평구,8.7,560936
2011,인천광역시,인천,계양구,6.8,344299
2011,인천광역시,인천,서구,6.8,436134
2011,인천광역시,인천,미추홀구,11,417996
2011,인천광역시,인천,강화군,24.8,66779
2011,인천광역시,인천,옹진군,19.4,19485
2011,광주광역시,광주,동구,15.9,106495
2011,광주광역시,광주,서구,8.7,317936
2011,광주광역시,광주,남구,11.4,219041
2011,광주광역시,광주,북구,9.3,444483
2011,광주광역시,광주,광산구,6.8,375509
2011,대전광역시,대전,동구,11.7,251285
2011,대전광역시,대전,중구,11.7,265502
2011,대전광역시,대전,서구,7.7,499124
2011,대전광역시,대전,유성구,6.4,294353
2011,대전광역시,대전,대덕구,8.9,205339
2011,울산광역시,울산,중구,8.1,232634
2011,울산광역시,울산,남구,6.2,343504
2011,울산광역시,울산,동구,5.8,172172
2011,울산광역시,울산,북구,5.4,182504
2011,울산광역시,울산,울주군,10.1,204680
2011,세종특별자치시,세종,본청,16.4,82890
2011,경기도,경기,수원시,7.2,1088489
2011,경기도,경기,성남시,8.9,979323
2011,경기도,경기,의정부시,10.2,430400
2011,경기도,경기,안양시,8.2,615642
2011,경기도,경기,부천시,7.6,872452
2011,경기도,경기,광명시,8.3,355226
2011,경기도,경기,평택시,10.3,426886
2011,경기도,경기,동두천시,13.5,96253
2011,경기도,경기,안산시,6.6,715586
2011,경기도,경기,고양시,9.3,961239
2011,경기도,경기,과천시,9.7,71955
2011,경기도,경기,구리시,8.4,194881
2011,경기도,경기,남양주시,9.5,578485
2011,경기도,경기,오산시,6.4,193892
2011,경기도,경기,시흥시,6.4,401149
2011,경기도,경기,군포시,8,287294
2011,경기도,경기,의왕시,8.6,149607
2011,경기도,경기,하남시,9.9,148397
2011,경기도,경기,용인시,9.1,896044
2011,경기도,경기,파주시,10.8,378790
2011,경기도,경기,이천시,10.5,204566
2011,경기도,경기,안성시,12.6,180743
2011,경기도,경기,김포시,10.3,256994
2011,경기도,경기,화성시,7.8,516765
2011,경기도,경기,광주시,9.1,265222
2011,경기도,경기,양주시,10.6,200360
2011,경기도,경기,포천시,13.2,157967
2011,경기도,경기,여주시,15.5,109120
2011,경기도,경기,연천군,20.2,44900
2011,경기도,경기,가평군,19.4,59358
2011,경기도,경기,양평군,18.8,99430
2011,강원도,강원,춘천시,13.5,272805
2011,강원도,강원,원주시,11.3,320536
2011,강원도,강원,강릉시,14.8,217571
2011,강원도,강원,동해시,13.6,95804
2011,강원도,강원,태백시,15.4,50176
2011,강원도,강원,속초시,13.2,83745
2011,강원도,강원,삼척시,18.1,72312
2011,강원도,강원,홍천군,19.3,69899
2011,강원도,강원,횡성군,22.2,44360
2011,강원도,강원,영월군,22.1,40199
2011,강원도,강원,평창군,19.9,43577
2011,강원도,강원,정선군,19.9,40181
2011,강원도,강원,철원군,16.9,48084
2011,강원도,강원,화천군,18.1,24945
2011,강원도,강원,양구군,17.1,22285
2011,강원도,강원,인제군,16.3,31970
2011,강원도,강원,고성군,21.4,30057
2011,강원도,강원,양양군,22,27942
2011,충청북도,충북,충주시,14.7,208433
2011,충청북도,충북,제천시,15.1,137689
2011,충청북도,충북,청주시,808915,9.44
2011,충청북도,충북,보은군,27.7,34717
2011,충청북도,충북,옥천군,21.9,53496
2011,충청북도,충북,영동군,24.9,50621
2011,충청북도,충북,진천군,15.5,63051
2011,충청북도,충북,괴산군,27.9,37333
2011,충청북도,충북,음성군,16.1,91644
2011,충청북도,충북,단양군,22.5,31595
2011,충청북도,충북,증평군,13.3,34009
2011,충청남도,충남,천안시,8.1,571377
2011,충청남도,충남,공주시,18.3,124748
2011,충청남도,충남,보령시,18.6,106421
2011,충청남도,충남,아산시,10.5,274523
2011,충청남도,충남,서산시,14.5,161489
2011,충청남도,충남,논산시,19.6,127533
2011,충청남도,충남,계룡시,7.3,42942
2011,충청남도,충남,당진시,15.5,150219
2011,충청남도,충남,금산군,23.3,56030
2011,충청남도,충남,부여군,25.6,74004
2011,충청남도,충남,서천군,26.9,59541
2011,충청남도,충남,청양군,29,32291
2011,충청남도,충남,홍성군,20.8,88108
2011,충청남도,충남,예산군,22.4,86421
2011,충청남도,충남,태안군,22.3,62747
2011,전라북도,전북,전주시,10,645894
2011,전라북도,전북,군산시,12.7,275659
2011,전라북도,전북,익산시,13.1,309804
2011,전라북도,전북,정읍시,21.1,120466
2011,전라북도,전북,남원시,21.1,87455
2011,전라북도,전북,김제시,24.3,93111
2011,전라북도,전북,완주군,18.6,84660
2011,전라북도,전북,진안군,26.8,28473
2011,전라북도,전북,무주군,26.9,25863
2011,전라북도,전북,장수군,27.4,23215
2011,전라북도,전북,임실군,29,30789
2011,전라북도,전북,순창군,29.1,29497
2011,전라북도,전북,고창군,27.1,60065
2011,전라북도,전북,부안군,25.3,59080
2011,전라남도,전남,목포시,10.7,244871
2011,전라남도,전남,여수시,12.9,292750
2011,전라남도,전남,순천시,11.7,272201
2011,전라남도,전남,나주시,24.1,88243
2011,전라남도,전남,광양시,9.3,150725
2011,전라남도,전남,담양군,25.2,47819
2011,전라남도,전남,곡성군,29.9,31332
2011,전라남도,전남,구례군,27.8,27422
2011,전라남도,전남,고흥군,32.6,72607
2011,전라남도,전남,보성군,30.1,47894
2011,전라남도,전남,화순군,20.8,68985
2011,전라남도,전남,장흥군,28.2,42552
2011,전라남도,전남,강진군,26.9,41599
2011,전라남도,전남,해남군,25.8,78346
2011,전라남도,전남,영암군,21.2,60139
2011,전라남도,전남,무안군,19.1,75718
2011,전라남도,전남,함평군,30.1,36134
2011,전라남도,전남,영광군,23.8,56863
2011,전라남도,전남,장성군,24.8,46245
2011,전라남도,전남,완도군,26.8,54037
2011,전라남도,전남,진도군,28.9,33502
2011,전라남도,전남,신안군,29.3,44355
2011,경상북도,경북,포항시,10.2,517088
2011,경상북도,경북,경주시,15.7,265488
2011,경상북도,경북,김천시,18.3,136185
2011,경상북도,경북,안동시,18.3,168157
2011,경상북도,경북,구미시,6.2,413446
2011,경상북도,경북,영주시,18.8,114148
2011,경상북도,경북,영천시,21.1,104182
2011,경상북도,경북,상주시,24.1,104685
2011,경상북도,경북,문경시,22.4,76727
2011,경상북도,경북,경산시,11.8,243684
2011,경상북도,경북,군위군,32.3,24268
2011,경상북도,경북,의성군,32.3,57744
2011,경상북도,경북,청송군,29.3,26569
2011,경상북도,경북,영양군,30.7,18241
2011,경상북도,경북,영덕군,29.5,40794
2011,경상북도,경북,청도군,28.2,44298
2011,경상북도,경북,고령군,22.4,35455
2011,경상북도,경북,성주군,23.5,45640
2011,경상북도,경북,칠곡군,11.4,118838
2011,경상북도,경북,예천군,29.9,46579
2011,경상북도,경북,봉화군,28.5,34192
2011,경상북도,경북,울진군,23.4,52045
2011,경상북도,경북,울릉군,18.2,10742
2011,경상남도,경남,진주시,12,335502
2011,경상남도,경남,통영시,12.2,140195
2011,경상남도,경남,사천시,16.1,114133
2011,경상남도,경남,김해시,7.4,507062
2011,경상남도,경남,밀양시,20.1,109329
2011,경상남도,경남,거제시,7.3,232787
2011,경상남도,경남,양산시,9.1,266403
2011,경상남도,경남,창원시,8.4,1091881
2011,경상남도,경남,의령군,30.5,30045
2011,경상남도,경남,함안군,18.5,66971
2011,경상남도,경남,창녕군,24.7,62490
2011,경상남도,경남,고성군,23.2,57264
2011,경상남도,경남,남해군,30.4,50242
2011,경상남도,경남,하동군,25.3,53975
2011,경상남도,경남,산청군,29.7,35651
2011,경상남도,경남,함양군,27.8,41081
2011,경상남도,경남,거창군,22.5,63146
2011,경상남도,경남,합천군,31.7,50608
2011,제주특별자치도,제주,본청,12.6,576156
2012,서울특별시,서울,종로구,14.4,165207
2012,서울특별시,서울,중구,14,133360
2012,서울특별시,서울,용산구,13.5,243232
2012,서울특별시,서울,성동구,11.4,299604
2012,서울특별시,서울,광진구,9.6,371313
2012,서울특별시,서울,동대문구,12.8,363258
2012,서울특별시,서울,중랑구,11.1,419295
2012,서울특별시,서울,성북구,12,481857
2012,서울특별시,서울,강북구,13.4,343157
2012,서울특별시,서울,도봉구,11.7,362270
2012,서울특별시,서울,노원구,10.2,597189
2012,서울특별시,서울,은평구,12.1,501480
2012,서울특별시,서울,서대문구,13.3,315113
2012,서울특별시,서울,마포구,11.4,384644
2012,서울특별시,서울,양천구,8.7,495911
2012,서울특별시,서울,강서구,9.8,567431
2012,서울특별시,서울,구로구,10.4,427520
2012,서울특별시,서울,금천구,10.9,243288
2012,서울특별시,서울,영등포구,11.6,391408
2012,서울특별시,서울,동작구,11.6,405491
2012,서울특별시,서울,관악구,10.8,523029
2012,서울특별시,서울,서초구,9.6,435044
2012,서울특별시,서울,강남구,8.9,564197
2012,서울특별시,서울,송파구,8.7,673115
2012,서울특별시,서울,강동구,9.2,487905
2012,부산광역시,부산,중구,17.8,48148
2012,부산광역시,부산,서구,17.5,120828
2012,부산광역시,부산,동구,18.3,98529
2012,부산광역시,부산,영도구,16.9,139765
2012,부산광역시,부산,부산진구,13.1,392731
2012,부산광역시,부산,동래구,11.9,278767
2012,부산광역시,부산,남구,13.2,291175
2012,부산광역시,부산,북구,9.7,312937
2012,부산광역시,부산,해운대구,10.9,428188
2012,부산광역시,부산,사하구,10.7,352726
2012,부산광역시,부산,금정구,12.7,255692
2012,부산광역시,부산,강서구,14.5,65806
2012,부산광역시,부산,연제구,12.5,211536
2012,부산광역시,부산,수영구,14.1,176666
2012,부산광역시,부산,사상구,9.8,250424
2012,부산광역시,부산,기장군,13.2,114566
2012,대구광역시,대구,중구,17.7,75439
2012,대구광역시,대구,동구,13.4,342092
2012,대구광역시,대구,서구,12.6,220211
2012,대구광역시,대구,남구,15.3,168715
2012,대구광역시,대구,북구,9.5,448485
2012,대구광역시,대구,수성구,10.6,459779
2012,대구광역시,대구,달서구,8.4,606557
2012,대구광역시,대구,달성군,10.3,184366
2012,인천광역시,인천,중구,12.9,98648
2012,인천광역시,인천,동구,14.7,76720
2012,인천광역시,인천,연수구,7.4,292589
2012,인천광역시,인천,남동구,8.4,503597
2012,인천광역시,인천,부평구,9.2,559047
2012,인천광역시,인천,계양구,7.2,342202
2012,인천광역시,인천,서구,7,469887
2012,인천광역시,인천,미추홀구,11.7,414500
2012,인천광역시,인천,강화군,26,66752
2012,인천광역시,인천,옹진군,20,20039
2012,광주광역시,광주,동구,16.8,105580
2012,광주광역시,광주,서구,9.3,316545
2012,광주광역시,광주,남구,12.2,218313
2012,광주광역시,광주,북구,9.9,443677
2012,광주광역시,광주,광산구,7,385101
2012,대전광역시,대전,동구,12.3,251945
2012,대전광역시,대전,중구,12.4,264125
2012,대전광역시,대전,서구,8.1,496513
2012,대전광역시,대전,유성구,6.5,306312
2012,대전광역시,대전,대덕구,9.3,205688
2012,울산광역시,울산,중구,8.6,233013
2012,울산광역시,울산,남구,6.6,346836
2012,울산광역시,울산,동구,6.1,175479
2012,울산광역시,울산,북구,5.6,184088
2012,울산광역시,울산,울주군,10.4,207840
2012,세종특별자치시,세종,본청,15.2,113117
2012,경기도,경기,수원시,7.5,1120258
2012,경기도,경기,성남시,9.5,978615
2012,경기도,경기,의정부시,10.8,429147
2012,경기도,경기,안양시,8.6,611412
2012,경기도,경기,부천시,8.2,869944
2012,경기도,경기,광명시,8.8,355560
2012,경기도,경기,평택시,10.6,434305
2012,경기도,경기,동두천시,14.2,97175
2012,경기도,경기,안산시,6.9,715108
2012,경기도,경기,고양시,9.7,969916
2012,경기도,경기,과천시,10.2,71068
2012,경기도,경기,구리시,8.9,192341
2012,경기도,경기,남양주시,9.9,599539
2012,경기도,경기,오산시,6.6,200291
2012,경기도,경기,시흥시,6.7,399485
2012,경기도,경기,군포시,8.4,286841
2012,경기도,경기,의왕시,8.8,154757
2012,경기도,경기,하남시,10.5,146269
2012,경기도,경기,용인시,9.5,915959
2012,경기도,경기,파주시,11.1,394201
2012,경기도,경기,이천시,10.8,204917
2012,경기도,경기,안성시,13,181608
2012,경기도,경기,김포시,10.2,287432
2012,경기도,경기,화성시,8,525490
2012,경기도,경기,광주시,9.5,275656
2012,경기도,경기,양주시,11.2,200310
2012,경기도,경기,포천시,13.8,157559
2012,경기도,경기,여주시,16.1,109550
2012,경기도,경기,연천군,20.5,45599
2012,경기도,경기,가평군,19.9,60794
2012,경기도,경기,양평군,19.4,102193
2012,강원도,강원,춘천시,14,273364
2012,강원도,강원,원주시,11.6,323885
2012,강원도,강원,강릉시,15.4,217741
2012,강원도,강원,동해시,14.2,93897
2012,강원도,강원,태백시,16.2,49493
2012,강원도,강원,속초시,13.8,83579
2012,강원도,강원,삼척시,18.6,72463
2012,강원도,강원,홍천군,19.9,69727
2012,강원도,강원,횡성군,23,44615
2012,강원도,강원,영월군,22.7,40155
2012,강원도,강원,평창군,20.6,43627
2012,강원도,강원,정선군,20.5,39915
2012,강원도,강원,철원군,17.7,47968
2012,강원도,강원,화천군,18.4,25020
2012,강원도,강원,양구군,17,22799
2012,강원도,강원,인제군,16.6,32456
2012,강원도,강원,고성군,21.9,30124
2012,강원도,강원,양양군,23,27802
2012,충청북도,충북,충주시,15.2,208447
2012,충청북도,충북,제천시,15.8,137521
2012,충청북도,충북,청주시,77416,820315
2012,충청북도,충북,보은군,28.4,34438
2012,충청북도,충북,옥천군,22.4,53244
2012,충청북도,충북,영동군,25.3,50663
2012,충청북도,충북,진천군,15.7,63458
2012,충청북도,충북,괴산군,28.2,37713
2012,충청북도,충북,음성군,16.4,92980
2012,충청북도,충북,단양군,23.3,31253
2012,충청북도,충북,증평군,13.6,34279
2012,충청남도,충남,천안시,8.3,581988
2012,충청남도,충남,공주시,18.7,117298
2012,충청남도,충남,보령시,19.4,105559
2012,충청남도,충남,아산시,10.7,280490
2012,충청남도,충남,서산시,14.8,163315
2012,충청남도,충남,논산시,20.3,126653
2012,충청남도,충남,계룡시,7.7,41550
2012,충청남도,충남,당진시,15.7,155104
2012,충청남도,충남,금산군,24,55715
2012,충청남도,충남,부여군,26.2,73259
2012,충청남도,충남,서천군,28,58920
2012,충청남도,충남,청양군,29.5,32087
2012,충청남도,충남,홍성군,21.2,88415
2012,충청남도,충남,예산군,23.3,85876
2012,충청남도,충남,태안군,23.3,62548
2012,전라북도,전북,전주시,10.5,648863
2012,전라북도,전북,군산시,13.2,278341
2012,전라북도,전북,익산시,13.8,306469
2012,전라북도,전북,정읍시,21.9,119392
2012,전라북도,전북,남원시,22,87000
2012,전라북도,전북,김제시,25.2,92317
2012,전라북도,전북,완주군,18.9,86164
2012,전라북도,전북,진안군,28.7,26963
2012,전라북도,전북,무주군,27.8,25321
2012,전라북도,전북,장수군,28,23191
2012,전라북도,전북,임실군,30.4,29956
2012,전라북도,전북,순창군,29.4,30055
2012,전라북도,전북,고창군,27.6,60440
2012,전라북도,전북,부안군,26.2,58869
2012,전라남도,전남,목포시,11.3,245073
2012,전라남도,전남,여수시,13.6,292217
2012,전라남도,전남,순천시,12.1,273798
2012,전라남도,전남,나주시,24.5,88067
2012,전라남도,전남,광양시,9.6,150837
2012,전라남도,전남,담양군,26,47612
2012,전라남도,전남,곡성군,31,30878
2012,전라남도,전남,구례군,28.7,27077
2012,전라남도,전남,고흥군,33.8,71560
2012,전라남도,전남,보성군,31.2,47050
2012,전라남도,전남,화순군,21.4,68378
2012,전라남도,전남,장흥군,28.6,42672
2012,전라남도,전남,강진군,28.2,40241
2012,전라남도,전남,해남군,26.4,78150
2012,전라남도,전남,영암군,21.7,59997
2012,전라남도,전남,무안군,19.6,75741
2012,전라남도,전남,함평군,31,35780
2012,전라남도,전남,영광군,24.4,57224
2012,전라남도,전남,장성군,25.5,46289
2012,전라남도,전남,완도군,27.4,53871
2012,전라남도,전남,진도군,29.5,33208
2012,전라남도,전남,신안군,30.3,43898
2012,경상북도,경북,포항시,10.7,518913
2012,경상북도,경북,경주시,16.3,264091
2012,경상북도,경북,김천시,18.9,135504
2012,경상북도,경북,안동시,18.7,168302
2012,경상북도,경북,구미시,6.4,416949
2012,경상북도,경북,영주시,19.4,113547
2012,경상북도,경북,영천시,22.1,101798
2012,경상북도,경북,상주시,24.9,104182
2012,경상북도,경북,문경시,23.2,75899
2012,경상북도,경북,경산시,12.2,246358
2012,경상북도,경북,군위군,33.2,24119
2012,경상북도,경북,의성군,33.2,57043
2012,경상북도,경북,청송군,30.1,26481
2012,경상북도,경북,영양군,30.9,18208
2012,경상북도,경북,영덕군,30.3,40257
2012,경상북도,경북,청도군,29.1,43968
2012,경상북도,경북,고령군,23,35343
2012,경상북도,경북,성주군,24.4,45127
2012,경상북도,경북,칠곡군,11.6,119786
2012,경상북도,경북,예천군,30.7,46027
2012,경상북도,경북,봉화군,29.4,33934
2012,경상북도,경북,울진군,23.6,51844
2012,경상북도,경북,울릉군,18.9,10673
2012,경상남도,경남,진주시,12.5,337314
2012,경상남도,경남,통영시,12.8,139347
2012,경상남도,경남,사천시,16.5,115321
2012,경상남도,경남,김해시,7.7,513260
2012,경상남도,경남,밀양시,20.9,108755
2012,경상남도,경남,거제시,7.5,236944
2012,경상남도,경남,양산시,9.6,270460
2012,경상남도,경남,창원시,8.8,1091471
2012,경상남도,경남,의령군,30.6,30329
2012,경상남도,경남,함안군,18.8,67425
2012,경상남도,경남,창녕군,25.1,62966
2012,경상남도,경남,고성군,23.8,56906
2012,경상남도,경남,남해군,31.7,48223
2012,경상남도,경남,하동군,27,50806
2012,경상남도,경남,산청군,30.4,35691
2012,경상남도,경남,함양군,28.6,40714
2012,경상남도,경남,거창군,23.1,63103
2012,경상남도,경남,합천군,32.5,50279
2012,제주특별자치도,제주,본청,13,583713
2013,서울특별시,서울,종로구,14.9,160070
2013,서울특별시,서울,중구,14.7,130465
2013,서울특별시,서울,용산구,14.1,239740
2013,서울특별시,서울,성동구,11.8,299337
2013,서울특별시,서울,광진구,10.1,368927
2013,서울특별시,서울,동대문구,13.4,364273
2013,서울특별시,서울,중랑구,11.7,416798
2013,서울특별시,서울,성북구,12.7,476589
2013,서울특별시,서울,강북구,14.3,338707
2013,서울특별시,서울,도봉구,12.4,358582
2013,서울특별시,서울,노원구,10.8,590479
2013,서울특별시,서울,은평구,12.7,503660
2013,서울특별시,서울,서대문구,13.9,314110
2013,서울특별시,서울,마포구,11.9,381856
2013,서울특별시,서울,양천구,9.3,492528
2013,서울특별시,서울,강서구,10.4,569070
2013,서울특별시,서울,구로구,11.1,424964
2013,서울특별시,서울,금천구,11.6,241020
2013,서울특별시,서울,영등포구,12.2,386471
2013,서울특별시,서울,동작구,12.1,410815
2013,서울특별시,서울,관악구,11.5,518028
2013,서울특별시,서울,서초구,10.1,441763
2013,서울특별시,서울,강남구,9.5,563599
2013,서울특별시,서울,송파구,9.2,668415
2013,서울특별시,서울,강동구,9.9,483379
2013,부산광역시,부산,중구,18.7,47345
2013,부산광역시,부산,서구,18.5,118783
2013,부산광역시,부산,동구,19.5,96011
2013,부산광역시,부산,영도구,18.1,135816
2013,부산광역시,부산,부산진구,13.9,389765
2013,부산광역시,부산,동래구,12.7,276689
2013,부산광역시,부산,남구,13.9,291770
2013,부산광역시,부산,북구,10.4,309719
2013,부산광역시,부산,해운대구,11.6,425536
2013,부산광역시,부산,사하구,11.5,349110
2013,부산광역시,부산,금정구,13.6,253526
2013,부산광역시,부산,강서구,14.2,69873
2013,부산광역시,부산,연제구,13.4,209290
2013,부산광역시,부산,수영구,15.1,175098
2013,부산광역시,부산,사상구,10.6,246797
2013,부산광역시,부산,기장군,12.7,132507
2013,대구광역시,대구,중구,18.4,76246
2013,대구광역시,대구,동구,14.2,343802
2013,대구광역시,대구,서구,13.5,215399
2013,대구광역시,대구,남구,16.4,166062
2013,대구광역시,대구,북구,10.1,444359
2013,대구광역시,대구,수성구,11.1,461004
2013,대구광역시,대구,달서구,8.9,610358
2013,대구광역시,대구,달성군,10.8,184358
2013,인천광역시,인천,중구,13,107774
2013,인천광역시,인천,동구,15.5,75093
2013,인천광역시,인천,연수구,7.7,300305
2013,인천광역시,인천,남동구,8.9,507021
2013,인천광역시,인천,부평구,9.7,556985
2013,인천광역시,인천,계양구,7.6,343806
2013,인천광역시,인천,서구,7.3,490035
2013,인천광역시,인천,미추홀구,12.4,411330
2013,인천광역시,인천,강화군,27,66735
2013,인천광역시,인천,옹진군,19.9,20698
2013,광주광역시,광주,동구,17.8,103016
2013,광주광역시,광주,서구,9.8,315276
2013,광주광역시,광주,남구,12.8,216254
2013,광주광역시,광주,북구,10.5,445489
2013,광주광역시,광주,광산구,7.2,392875
2013,대전광역시,대전,동구,12.9,250653
2013,대전광역시,대전,중구,13,264913
2013,대전광역시,대전,서구,8.5,498917
2013,대전광역시,대전,유성구,6.7,313968
2013,대전광역시,대전,대덕구,9.9,204360
2013,울산광역시,울산,중구,9.2,234607
2013,울산광역시,울산,남구,7.1,349064
2013,울산광역시,울산,동구,6.6,178468
2013,울산광역시,울산,북구,5.9,185695
2013,울산광역시,울산,울주군,10.8,208646
2013,세종특별자치시,세종,본청,14.7,122153
2013,경기도,경기,수원시,7.8,1148157
2013,경기도,경기,성남시,10,979534
2013,경기도,경기,의정부시,11.3,430976
2013,경기도,경기,안양시,9.1,607877
2013,경기도,경기,부천시,8.7,863720
2013,경기도,경기,광명시,9.2,353100
2013,경기도,경기,평택시,10.8,442034
2013,경기도,경기,동두천시,14.8,97557
2013,경기도,경기,안산시,7.2,713666
2013,경기도,경기,고양시,10,990571
2013,경기도,경기,과천시,10.6,70578
2013,경기도,경기,구리시,9.4,189680
2013,경기도,경기,남양주시,10.3,618305
2013,경기도,경기,오산시,6.8,205460
2013,경기도,경기,시흥시,7,396765
2013,경기도,경기,군포시,8.8,286344
2013,경기도,경기,의왕시,9.3,159772
2013,경기도,경기,하남시,11.2,145096
2013,경기도,경기,용인시,9.9,941477
2013,경기도,경기,파주시,11.4,401718
2013,경기도,경기,이천시,11.2,205479
2013,경기도,경기,안성시,13.4,182173
2013,경기도,경기,김포시,10.4,312305
2013,경기도,경기,화성시,8.3,530251
2013,경기도,경기,광주시,9.8,286699
2013,경기도,경기,양주시,11.8,199143
2013,경기도,경기,포천시,14.4,156603
2013,경기도,경기,여주시,16.7,109343
2013,경기도,경기,연천군,21,45610
2013,경기도,경기,가평군,20.5,61017
2013,경기도,경기,양평군,19.9,103620
2013,강원도,강원,춘천시,14.4,274455
2013,강원도,강원,원주시,11.9,324837
2013,강원도,강원,강릉시,16.1,216806
2013,강원도,강원,동해시,14.7,95143
2013,강원도,강원,태백시,17.2,48794
2013,강원도,강원,속초시,14.3,83109
2013,강원도,강원,삼척시,19.1,73023
2013,강원도,강원,홍천군,20,70638
2013,강원도,강원,횡성군,23.7,44937
2013,강원도,강원,영월군,23.4,40150
2013,강원도,강원,평창군,21.3,43666
2013,강원도,강원,정선군,21.3,39985
2013,강원도,강원,철원군,18.4,47473
2013,강원도,강원,화천군,18.6,25079
2013,강원도,강원,양구군,17,23594
2013,강원도,강원,인제군,16.8,32517
2013,강원도,강원,고성군,22.2,30398
2013,강원도,강원,양양군,23.8,27659
2013,충청북도,충북,충주시,15.6,208115
2013,충청북도,충북,제천시,16.3,137204
2013,충청북도,충북,청주시,9.68,79537
2013,충청북도,충북,보은군,28.7,34318
2013,충청북도,충북,옥천군,23.2,52763
2013,충청북도,충북,영동군,25.8,50539
2013,충청북도,충북,진천군,15.9,64606
2013,충청북도,충북,괴산군,28.5,38059
2013,충청북도,충북,음성군,16.7,93505
2013,충청북도,충북,단양군,24,31171
2013,충청북도,충북,증평군,14,34546
2013,충청남도,충남,천안시,8.5,591089
2013,충청남도,충남,공주시,19.3,116369
2013,충청남도,충남,보령시,20.1,104938
2013,충청남도,충남,아산시,10.9,287073
2013,충청남도,충남,서산시,15.1,165837
2013,충청남도,충남,논산시,20.9,125844
2013,충청남도,충남,계룡시,8,40957
2013,충청남도,충남,당진시,15.8,159615
2013,충청남도,충남,금산군,24.7,55441
2013,충청남도,충남,부여군,26.9,72547
2013,충청남도,충남,서천군,28.9,58441
2013,충청남도,충남,청양군,30.2,32155
2013,충청남도,충남,홍성군,21.5,89704
2013,충청남도,충남,예산군,24,85205
2013,충청남도,충남,태안군,24.4,62416
2013,전라북도,전북,전주시,11,650082
2013,전라북도,전북,군산시,13.7,278319
2013,전라북도,전북,익산시,14.3,306539
2013,전라북도,전북,정읍시,22.6,118328
2013,전라북도,전북,남원시,22.7,86460
2013,전라북도,전북,김제시,25.9,91218
2013,전라북도,전북,완주군,19.3,86978
2013,전라북도,전북,진안군,29.5,26703
2013,전라북도,전북,무주군,28.3,25398
2013,전라북도,전북,장수군,28.6,23243
2013,전라북도,전북,임실군,31,29739
2013,전라북도,전북,순창군,29.8,30272
2013,전라북도,전북,고창군,28,60522
2013,전라북도,전북,부안군,26.5,59164
2013,전라남도,전남,목포시,12,240936
2013,전라남도,전남,여수시,14.2,291366
2013,전라남도,전남,순천시,12.4,275668
2013,전라남도,전남,나주시,24.8,87754
2013,전라남도,전남,광양시,9.9,151621
2013,전라남도,전남,담양군,26.7,47365
2013,전라남도,전남,곡성군,31.1,31009
2013,전라남도,전남,구례군,29.2,27115
2013,전라남도,전남,고흥군,34.6,70631
2013,전라남도,전남,보성군,31.9,46385
2013,전라남도,전남,화순군,22,67829
2013,전라남도,전남,장흥군,28.7,43004
2013,전라남도,전남,강진군,28.6,40079
2013,전라남도,전남,해남군,26.9,77684
2013,전라남도,전남,영암군,22.2,59061
2013,전라남도,전남,무안군,19.2,79367
2013,전라남도,전남,함평군,31.2,35610
2013,전라남도,전남,영광군,24.6,57617
2013,전라남도,전남,장성군,26,46292
2013,전라남도,전남,완도군,27.9,53619
2013,전라남도,전남,진도군,30,32998
2013,전라남도,전남,신안군,30.4,44162
2013,경상북도,경북,포항시,11.3,519467
2013,경상북도,경북,경주시,16.9,263283
2013,경상북도,경북,김천시,19.5,135259
2013,경상북도,경북,안동시,19.3,168461
2013,경상북도,경북,구미시,6.7,419428
2013,경상북도,경북,영주시,20.2,112625
2013,경상북도,경북,영천시,23,100778
2013,경상북도,경북,상주시,25.6,103346
2013,경상북도,경북,문경시,23.8,75664
2013,경상북도,경북,경산시,12.8,248805
2013,경상북도,경북,군위군,33.8,24172
2013,경상북도,경북,의성군,34.3,56064
2013,경상북도,경북,청송군,30.9,26470
2013,경상북도,경북,영양군,31.4,18297
2013,경상북도,경북,영덕군,30.9,40142
2013,경상북도,경북,청도군,30.1,43788
2013,경상북도,경북,고령군,23.8,35198
2013,경상북도,경북,성주군,25.2,45067
2013,경상북도,경북,칠곡군,11.9,121182
2013,경상북도,경북,예천군,31.5,45573
2013,경상북도,경북,봉화군,30.1,33894
2013,경상북도,경북,울진군,24,51953
2013,경상북도,경북,울릉군,19.5,10524
2013,경상남도,경남,진주시,13.1,337071
2013,경상남도,경남,통영시,13.4,139719
2013,경상남도,경남,사천시,16.9,116851
2013,경상남도,경남,김해시,8,522049
2013,경상남도,경남,밀양시,21.7,108342
2013,경상남도,경남,거제시,7.6,242077
2013,경상남도,경남,양산시,10,279565
2013,경상남도,경남,창원시,9.4,1083731
2013,경상남도,경남,의령군,31.5,29417
2013,경상남도,경남,함안군,19.2,67667
2013,경상남도,경남,창녕군,25.5,63447
2013,경상남도,경남,고성군,24.5,56369
2013,경상남도,경남,남해군,32.5,47244
2013,경상남도,경남,하동군,27.9,50177
2013,경상남도,경남,산청군,30.8,35935
2013,경상남도,경남,함양군,29,40692
2013,경상남도,경남,거창군,23.6,63177
2013,경상남도,경남,합천군,32.9,50290
2013,제주특별자치도,제주,본청,13.4,593806
2014,서울특별시,서울,종로구,15.5,156993
2014,서울특별시,서울,중구,15.4,128065
2014,서울특별시,서울,용산구,14.7,235951
2014,서울특별시,서울,성동구,12.3,296086
2014,서울특별시,서울,광진구,10.7,363354
2014,서울특별시,서울,동대문구,14,363687
2014,서울특별시,서울,중랑구,12.4,418836
2014,서울특별시,서울,성북구,13.3,466706
2014,서울특별시,서울,강북구,15.1,335025
2014,서울특별시,서울,도봉구,13.1,353709
2014,서울특별시,서울,노원구,11.4,582552
2014,서울특별시,서울,은평구,13.4,498644
2014,서울특별시,서울,서대문구,14.5,310376
2014,서울특별시,서울,마포구,12.2,385439
2014,서울특별시,서울,양천구,9.9,486221
2014,서울특별시,서울,강서구,11,585160
2014,서울특별시,서울,구로구,11.9,425831
2014,서울특별시,서울,금천구,12.3,238463
2014,서울특별시,서울,영등포구,12.9,382352
2014,서울특별시,서울,동작구,12.8,407470
2014,서울특별시,서울,관악구,12.1,513186
2014,서울특별시,서울,서초구,10.5,449678
2014,서울특별시,서울,강남구,9.9,578114
2014,서울특별시,서울,송파구,9.8,664738
2014,서울특별시,서울,강동구,10.5,476597
2014,부산광역시,부산,중구,19.6,46737
2014,부산광역시,부산,서구,19.4,118115
2014,부산광역시,부산,동구,20.6,94565
2014,부산광역시,부산,영도구,19.4,132102
2014,부산광역시,부산,부산진구,14.7,387378
2014,부산광역시,부산,동래구,13.4,275971
2014,부산광역시,부산,남구,14.8,286989
2014,부산광역시,부산,북구,11.1,306974
2014,부산광역시,부산,해운대구,12.3,423531
2014,부산광역시,부산,사하구,12.3,343371
2014,부산광역시,부산,금정구,14.4,249856
2014,부산광역시,부산,강서구,13.3,79619
2014,부산광역시,부산,연제구,14.1,208012
2014,부산광역시,부산,수영구,15.8,178480
2014,부산광역시,부산,사상구,11.4,242953
2014,부산광역시,부산,기장군,12.7,144748
2014,대구광역시,대구,중구,18.7,78812
2014,대구광역시,대구,동구,14.7,347975
2014,대구광역시,대구,서구,14.6,210770
2014,대구광역시,대구,남구,17.4,163492
2014,대구광역시,대구,북구,10.6,444375
2014,대구광역시,대구,수성구,11.6,456505
2014,대구광역시,대구,달서구,9.5,606433
2014,대구광역시,대구,달성군,11.2,184902
2014,인천광역시,인천,중구,13.3,111929
2014,인천광역시,인천,동구,16.4,73978
2014,인천광역시,인천,연수구,7.8,310703
2014,인천광역시,인천,남동구,9.3,514656
2014,인천광역시,인천,부평구,10.2,556992
2014,인천광역시,인천,계양구,8.1,339538
2014,인천광역시,인천,서구,7.7,498686
2014,인천광역시,인천,미추홀구,13,408305
2014,인천광역시,인천,강화군,27.9,67118
2014,인천광역시,인천,옹진군,20.8,20703
2014,광주광역시,광주,동구,18.8,100786
2014,광주광역시,광주,서구,10.4,310317
2014,광주광역시,광주,남구,13.5,219815
2014,광주광역시,광주,북구,11,447685
2014,광주광역시,광주,광산구,7.5,397281
2014,대전광역시,대전,동구,13.7,245493
2014,대전광역시,대전,중구,13.9,261165
2014,대전광역시,대전,서구,9,496132
2014,대전광역시,대전,유성구,6.9,327461
2014,대전광역시,대전,대덕구,10.5,201558
2014,울산광역시,울산,중구,9.7,238825
2014,울산광역시,울산,남구,7.6,347759
2014,울산광역시,울산,동구,7.1,176668
2014,울산광역시,울산,북구,6.1,188733
2014,울산광역시,울산,울주군,11,214392
2014,세종특별자치시,세종,본청,12.7,156125
2014,경기도,경기,수원시,8,1174228
2014,경기도,경기,성남시,10.5,974608
2014,경기도,경기,의정부시,11.8,431112
2014,경기도,경기,안양시,9.5,600809
2014,경기도,경기,부천시,9.2,855586
2014,경기도,경기,광명시,9.7,348560
2014,경기도,경기,평택시,11,449555
2014,경기도,경기,동두천시,15.4,97595
2014,경기도,경기,안산시,7.6,707876
2014,경기도,경기,고양시,10.3,1006154
2014,경기도,경기,과천시,11,70156
2014,경기도,경기,구리시,9.9,186820
2014,경기도,경기,남양주시,10.7,636256
2014,경기도,경기,오산시,7.1,208565
2014,경기도,경기,시흥시,7.3,394639
2014,경기도,경기,군포시,9.1,288408
2014,경기도,경기,의왕시,9.8,158482
2014,경기도,경기,하남시,11.6,148896
2014,경기도,경기,용인시,10.2,961026
2014,경기도,경기,파주시,11.7,411348
2014,경기도,경기,이천시,11.6,205014
2014,경기도,경기,안성시,13.7,181896
2014,경기도,경기,김포시,10.5,340310
2014,경기도,경기,화성시,8.5,540862
2014,경기도,경기,광주시,10.2,298858
2014,경기도,경기,양주시,12.2,202072
2014,경기도,경기,포천시,14.9,155798
2014,경기도,경기,여주시,16.9,110386
2014,경기도,경기,연천군,21.8,45363
2014,경기도,경기,가평군,21,61213
2014,경기도,경기,양평군,20.4,105379
2014,강원도,강원,춘천시,14.6,275791
2014,강원도,강원,원주시,12.2,327292
2014,강원도,강원,강릉시,16.7,215807
2014,강원도,강원,동해시,15.3,94562
2014,강원도,강원,태백시,18.1,48258
2014,강원도,강원,속초시,14.9,82432
2014,강원도,강원,삼척시,19.7,72314
2014,강원도,강원,홍천군,20.4,70451
2014,강원도,강원,횡성군,23.9,45373
2014,강원도,강원,영월군,23.9,40191
2014,강원도,강원,평창군,21.8,43660
2014,강원도,강원,정선군,22.1,39425
2014,강원도,강원,철원군,18.7,47590
2014,강원도,강원,화천군,17.7,27143
2014,강원도,강원,양구군,17,23888
2014,강원도,강원,인제군,17.1,32475
2014,강원도,강원,고성군,22.8,30269
2014,강원도,강원,양양군,24.6,27521
2014,충청북도,충북,충주시,16,208527
2014,충청북도,충북,제천시,16.8,136805
2014,충청북도,충북,청주시,821632,10.03
2014,충청북도,충북,보은군,29.3,34240
2014,충청북도,충북,옥천군,23.9,52469
2014,충청북도,충북,영동군,26.3,50803
2014,충청북도,충북,진천군,16.3,65174
2014,충청북도,충북,괴산군,29.1,38351
2014,충청북도,충북,음성군,16.9,95324
2014,충청북도,충북,단양군,24.9,30948
2014,충청북도,충북,증평군,14.2,34771
2014,충청남도,충남,천안시,8.8,598346
2014,충청남도,충남,공주시,20.3,113621
2014,충청남도,충남,보령시,20.9,104321
2014,충청남도,충남,아산시,11.1,293954
2014,충청남도,충남,서산시,15.6,167611
2014,충청남도,충남,논산시,21.6,124784
2014,충청남도,충남,계룡시,8.5,40552
2014,충청남도,충남,당진시,16,162844
2014,충청남도,충남,금산군,25.4,55166
2014,충청남도,충남,부여군,28,71754
2014,충청남도,충남,서천군,29.8,57713
2014,충청남도,충남,청양군,30.9,32248
2014,충청남도,충남,홍성군,21.8,91866
2014,충청남도,충남,예산군,24.8,84919
2014,충청남도,충남,태안군,25.2,62574
2014,전라북도,전북,전주시,11.5,652877
2014,전라북도,전북,군산시,14.2,278098
2014,전라북도,전북,익산시,14.9,304117
2014,전라북도,전북,정읍시,23.3,117183
2014,전라북도,전북,남원시,23.4,85643
2014,전라북도,전북,김제시,26.7,90108
2014,전라북도,전북,완주군,19.3,90377
2014,전라북도,전북,진안군,30.2,26474
2014,전라북도,전북,무주군,28.5,25390
2014,전라북도,전북,장수군,28.7,23335
2014,전라북도,전북,임실군,31.2,29966
2014,전라북도,전북,순창군,30.2,30368
2014,전라북도,전북,고창군,28.9,60090
2014,전라북도,전북,부안군,27.7,57534
2014,전라남도,전남,목포시,12.6,239109
2014,전라남도,전남,여수시,14.9,290900
2014,전라남도,전남,순천시,12.8,277188
2014,전라남도,전남,나주시,24.7,90669
2014,전라남도,전남,광양시,10.3,152097
2014,전라남도,전남,담양군,27.4,47177
2014,전라남도,전남,곡성군,31.8,30732
2014,전라남도,전남,구례군,29.4,27170
2014,전라남도,전남,고흥군,35.7,69641
2014,전라남도,전남,보성군,32.9,45882
2014,전라남도,전남,화순군,22.7,66772
2014,전라남도,전남,장흥군,29,43190
2014,전라남도,전남,강진군,29,39861
2014,전라남도,전남,해남군,27.5,76981
2014,전라남도,전남,영암군,22.6,58852
2014,전라남도,전남,무안군,19.1,81696
2014,전라남도,전남,함평군,32,35090
2014,전라남도,전남,영광군,25.5,56833
2014,전라남도,전남,장성군,26.5,46273
2014,전라남도,전남,완도군,28.7,53174
2014,전라남도,전남,진도군,30.4,32746
2014,전라남도,전남,신안군,31.1,43747
2014,경상북도,경북,포항시,12,519368
2014,경상북도,경북,경주시,17.6,261535
2014,경상북도,경북,김천시,20,135456
2014,경상북도,경북,안동시,19.8,168697
2014,경상북도,경북,구미시,6.9,420320
2014,경상북도,경북,영주시,21.2,110780
2014,경상북도,경북,영천시,23.7,100689
2014,경상북도,경북,상주시,26.3,102892
2014,경상북도,경북,문경시,24.3,75911
2014,경상북도,경북,경산시,13.2,253968
2014,경상북도,경북,군위군,34.7,24170
2014,경상북도,경북,의성군,35.3,55212
2014,경상북도,경북,청송군,31.5,26453
2014,경상북도,경북,영양군,32.1,18197
2014,경상북도,경북,영덕군,31.9,39586
2014,경상북도,경북,청도군,30.9,43993
2014,경상북도,경북,고령군,24.4,35033
2014,경상북도,경북,성주군,26,44981
2014,경상북도,경북,칠곡군,12.1,122058
2014,경상북도,경북,예천군,32.5,45104
2014,경상북도,경북,봉화군,30.6,34023
2014,경상북도,경북,울진군,24.2,52104
2014,경상북도,경북,울릉군,19.9,10264
2014,경상남도,경남,진주시,13.5,340241
2014,경상남도,경남,통영시,14,139439
2014,경상남도,경남,사천시,17.5,116485
2014,경상남도,경남,김해시,8.3,527240
2014,경상남도,경남,밀양시,22.4,107765
2014,경상남도,경남,거제시,7.8,248287
2014,경상남도,경남,양산시,10.3,292376
2014,경상남도,경남,창원시,10,1075168
2014,경상남도,경남,의령군,32.2,29209
2014,경상남도,경남,함안군,19.4,68741
2014,경상남도,경남,창녕군,26.1,63502
2014,경상남도,경남,고성군,25.2,55916
2014,경상남도,경남,남해군,33.4,46638
2014,경상남도,경남,하동군,28.8,49223
2014,경상남도,경남,산청군,31.5,35849
2014,경상남도,경남,함양군,29.5,40584
2014,경상남도,경남,거창군,24.1,63137
2014,경상남도,경남,합천군,33.3,50457
2014,제주특별자치도,제주,본청,13.6,607346
2015,서울특별시,서울,종로구,16,154986
2015,서울특별시,서울,중구,16,125733
2015,서울특별시,서울,용산구,15.2,233342
2015,서울특별시,서울,성동구,12.8,297003
2015,서울특별시,서울,광진구,11.2,360369
2015,서울특별시,서울,동대문구,14.5,360153
2015,서울특별시,서울,중랑구,13.1,413909
2015,서울특별시,서울,성북구,13.7,459275
2015,서울특별시,서울,강북구,15.9,330873
2015,서울특별시,서울,도봉구,13.8,351242
2015,서울특별시,서울,노원구,12,574583
2015,서울특별시,서울,은평구,14,497920
2015,서울특별시,서울,서대문구,14.9,312141
2015,서울특별시,서울,마포구,12.5,387643
2015,서울특별시,서울,양천구,10.4,484532
2015,서울특별시,서울,강서구,11.5,589074
2015,서울특별시,서울,구로구,12.6,422092
2015,서울특별시,서울,금천구,13,236284
2015,서울특별시,서울,영등포구,13.4,378504
2015,서울특별시,서울,동작구,13.3,400641
2015,서울특별시,서울,관악구,12.7,509663
2015,서울특별시,서울,서초구,11,446764
2015,서울특별시,서울,강남구,10.4,576495
2015,서울특별시,서울,송파구,10.3,660302
2015,서울특별시,서울,강동구,11.3,458658
2015,부산광역시,부산,중구,20.7,45816
2015,부산광역시,부산,서구,20.3,115963
2015,부산광역시,부산,동구,21.7,92069
2015,부산광역시,부산,영도구,20.4,129385
2015,부산광역시,부산,부산진구,15.4,381572
2015,부산광역시,부산,동래구,14.1,272837
2015,부산광역시,부산,남구,15.6,283101
2015,부산광역시,부산,북구,11.7,310484
2015,부산광역시,부산,해운대구,12.9,422818
2015,부산광역시,부산,사하구,13.1,337781
2015,부산광역시,부산,금정구,15.3,246026
2015,부산광역시,부산,강서구,12.1,94608
2015,부산광역시,부산,연제구,14.7,210718
2015,부산광역시,부산,수영구,16.5,179795
2015,부산광역시,부산,사상구,12.3,237711
2015,부산광역시,부산,기장군,12.9,153093
2015,대구광역시,대구,중구,18.8,80928
2015,대구광역시,대구,동구,15.3,349728
2015,대구광역시,대구,서구,15.5,206028
2015,대구광역시,대구,남구,18.2,160852
2015,대구광역시,대구,북구,11.1,443119
2015,대구광역시,대구,수성구,12.1,451786
2015,대구광역시,대구,달서구,10,602641
2015,대구광역시,대구,달성군,11.5,192747
2015,인천광역시,인천,중구,13.5,114493
2015,인천광역시,인천,동구,17.2,72571
2015,인천광역시,인천,연수구,8,319052
2015,인천광역시,인천,남동구,9.7,531395
2015,인천광역시,인천,부평구,10.7,555844
2015,인천광역시,인천,계양구,8.6,334332
2015,인천광역시,인천,서구,8.1,504606
2015,인천광역시,인천,미추홀구,13.6,404893
2015,인천광역시,인천,강화군,28.5,67667
2015,인천광역시,인천,옹진군,21.3,20962
2015,광주광역시,광주,동구,19.6,98784
2015,광주광역시,광주,서구,11,305028
2015,광주광역시,광주,남구,14,221318
2015,광주광역시,광주,북구,11.5,446316
2015,광주광역시,광주,광산구,7.7,400753
2015,대전광역시,대전,동구,14.6,239579
2015,대전광역시,대전,중구,14.6,256186
2015,대전광역시,대전,서구,9.6,490859
2015,대전광역시,대전,유성구,7.2,335312
2015,대전광역시,대전,대덕구,11.1,196839
2015,울산광역시,울산,중구,10.1,244481
2015,울산광역시,울산,남구,8.1,343598
2015,울산광역시,울산,동구,7.6,174963
2015,울산광역시,울산,북구,6.4,191063
2015,울산광역시,울산,울주군,11.4,219429
2015,세종특별자치시,세종,본청,10.6,210884
2015,경기도,경기,수원시,8.4,1184624
2015,경기도,경기,성남시,11,971424
2015,경기도,경기,의정부시,12.3,433937
2015,경기도,경기,안양시,10,597789
2015,경기도,경기,부천시,9.7,848987
2015,경기도,경기,광명시,10.3,344978
2015,경기도,경기,평택시,11.2,460532
2015,경기도,경기,동두천시,15.9,97974
2015,경기도,경기,안산시,8,697885
2015,경기도,경기,고양시,10.7,1027546
2015,경기도,경기,과천시,11.5,68946
2015,경기도,경기,구리시,10.4,186721
2015,경기도,경기,남양주시,11.1,653454
2015,경기도,경기,오산시,7.4,206828
2015,경기도,경기,시흥시,7.6,398256
2015,경기도,경기,군포시,9.6,287519
2015,경기도,경기,의왕시,10.4,157740
2015,경기도,경기,하남시,11.6,166713
2015,경기도,경기,용인시,10.7,975746
2015,경기도,경기,파주시,11.9,423321
2015,경기도,경기,이천시,12,204935
2015,경기도,경기,안성시,14.3,180199
2015,경기도,경기,김포시,10.9,349990
2015,경기도,경기,화성시,8.3,596525
2015,경기도,경기,광주시,10.5,312579
2015,경기도,경기,양주시,12.7,205184
2015,경기도,경기,포천시,15.4,155192
2015,경기도,경기,여주시,17.3,111033
2015,경기도,경기,연천군,21.9,45725
2015,경기도,경기,가평군,21.5,62008
2015,경기도,경기,양평군,20.9,108316
2015,강원도,강원,춘천시,14.8,277997
2015,강원도,강원,원주시,12.3,332995
2015,강원도,강원,강릉시,17.2,214560
2015,강원도,강원,동해시,15.9,93895
2015,강원도,강원,태백시,19,47501
2015,강원도,강원,속초시,15.2,81992
2015,강원도,강원,삼척시,20.5,70839
2015,강원도,강원,홍천군,21,70336
2015,강원도,강원,횡성군,24.2,45777
2015,강원도,강원,영월군,24.3,40216
2015,강원도,강원,평창군,22.3,43500
2015,강원도,강원,정선군,22.6,39197
2015,강원도,강원,철원군,18.6,48799
2015,강원도,강원,화천군,17.8,27020
2015,강원도,강원,양구군,16.9,24089
2015,강원도,강원,인제군,16.8,33255
2015,강원도,강원,고성군,23.3,30060
2015,강원도,강원,양양군,25.2,27479
2015,충청북도,충북,충주시,16.3,207913
2015,충청북도,충북,제천시,17.3,136138
2015,충청북도,충북,청주시,83037,827906
2015,충청북도,충북,보은군,29.5,34296
2015,충청북도,충북,옥천군,24.7,52404
2015,충청북도,충북,영동군,26.9,50693
2015,충청북도,충북,진천군,16.2,67981
2015,충청북도,충북,괴산군,29.5,38787
2015,충청북도,충북,음성군,17.1,96396
2015,충청북도,충북,단양군,25.5,30761
2015,충청북도,충북,증평군,14,36671
2015,충청남도,충남,천안시,9.1,605776
2015,충청남도,충남,공주시,21.4,111261
2015,충청남도,충남,보령시,21.4,104754
2015,충청남도,충남,아산시,11.4,297737
2015,충청남도,충남,서산시,16,170099
2015,충청남도,충남,논산시,22.2,124232
2015,충청남도,충남,계룡시,8.6,41730
2015,충청남도,충남,당진시,16.3,165122
2015,충청남도,충남,금산군,26.1,54879
2015,충청남도,충남,부여군,28.9,71143
2015,충청남도,충남,서천군,30.7,56910
2015,충청남도,충남,청양군,31.3,32485
2015,충청남도,충남,홍성군,21.8,94553
2015,충청남도,충남,예산군,25.9,83484
2015,충청남도,충남,태안군,25.8,63484
2015,전라북도,전북,전주시,12.1,652282
2015,전라북도,전북,군산시,14.8,278398
2015,전라북도,전북,익산시,15.6,302061
2015,전라북도,전북,정읍시,24.1,115977
2015,전라북도,전북,남원시,24.1,84856
2015,전라북도,전북,김제시,27.6,88721
2015,전라북도,전북,완주군,19.2,95303
2015,전라북도,전북,진안군,31,26203
2015,전라북도,전북,무주군,29.5,25220
2015,전라북도,전북,장수군,29.4,23277
2015,전라북도,전북,임실군,31.5,30271
2015,전라북도,전북,순창군,30.4,30248
2015,전라북도,전북,고창군,29.4,60046
2015,전라북도,전북,부안군,28.5,56848
2015,전라남도,전남,목포시,13.1,238382
2015,전라남도,전남,여수시,15.5,290168
2015,전라남도,전남,순천시,13.2,278765
2015,전라남도,전남,나주시,23.4,98182
2015,전라남도,전남,광양시,10.7,153587
2015,전라남도,전남,담양군,28.1,47009
2015,전라남도,전남,곡성군,32.2,30672
2015,전라남도,전남,구례군,29.7,27308
2015,전라남도,전남,고흥군,36.6,68601
2015,전라남도,전남,보성군,33.5,45349
2015,전라남도,전남,화순군,23.4,65848
2015,전라남도,전남,장흥군,29.1,43513
2015,전라남도,전남,강진군,30.1,38758
2015,전라남도,전남,해남군,28,76194
2015,전라남도,전남,영암군,23.2,58137
2015,전라남도,전남,무안군,19.3,82236
2015,전라남도,전남,함평군,32.3,34876
2015,전라남도,전남,영광군,26.1,56267
2015,전라남도,전남,장성군,26.8,46360
2015,전라남도,전남,완도군,29,53014
2015,전라남도,전남,진도군,31.1,32476
2015,전라남도,전남,신안군,31.7,43294
2015,경상북도,경북,포항시,12.6,519584
2015,경상북도,경북,경주시,18.2,259773
2015,경상북도,경북,김천시,19.9,140132
2015,경상북도,경북,안동시,20.1,169221
2015,경상북도,경북,구미시,7.2,419915
2015,경상북도,경북,영주시,21.9,109735
2015,경상북도,경북,영천시,24.2,100648
2015,경상북도,경북,상주시,26.9,102374
2015,경상북도,경북,문경시,24.9,75784
2015,경상북도,경북,경산시,13.6,256888
2015,경상북도,경북,군위군,35.3,24126
2015,경상북도,경북,의성군,36.1,54477
2015,경상북도,경북,청송군,32,26384
2015,경상북도,경북,영양군,32.6,17898
2015,경상북도,경북,영덕군,32.5,39191
2015,경상북도,경북,청도군,31.8,43724
2015,경상북도,경북,고령군,25.2,34594
2015,경상북도,경북,성주군,26.7,45029
2015,경상북도,경북,칠곡군,12.4,122829
2015,경상북도,경북,예천군,33.1,44674
2015,경상북도,경북,봉화군,31.2,33808
2015,경상북도,경북,울진군,24.4,51885
2015,경상북도,경북,울릉군,20.7,10153
2015,경상남도,경남,진주시,13.9,344426
2015,경상남도,경남,통영시,14.5,139168
2015,경상남도,경남,사천시,18.1,115452
2015,경상남도,경남,김해시,8.7,528865
2015,경상남도,경남,밀양시,23,107896
2015,경상남도,경남,거제시,7.8,255828
2015,경상남도,경남,양산시,10.7,301291
2015,경상남도,경남,창원시,10.4,1070064
2015,경상남도,경남,의령군,33.1,28544
2015,경상남도,경남,함안군,19.9,69156
2015,경상남도,경남,창녕군,26.4,63817
2015,경상남도,경남,고성군,25.7,55284
2015,경상남도,경남,남해군,34,45865
2015,경상남도,경남,하동군,28.7,50259
2015,경상남도,경남,산청군,32,36071
2015,경상남도,경남,함양군,30.2,40339
2015,경상남도,경남,거창군,24.3,63232
2015,경상남도,경남,합천군,34.4,49145
2015,제주특별자치도,제주,본청,13.8,624395
2016,서울특별시,서울,종로구,16.3,152737
2016,서울특별시,서울,중구,16.3,125249
2016,서울특별시,서울,용산구,15.4,230241
2016,서울특별시,서울,성동구,13.1,299259
2016,서울특별시,서울,광진구,11.6,357215
2016,서울특별시,서울,동대문구,15,355069
2016,서울특별시,서울,중랑구,13.6,411005
2016,서울특별시,서울,성북구,14.2,450355
2016,서울특별시,서울,강북구,16.5,327195
2016,서울특별시,서울,도봉구,14.5,348220
2016,서울특별시,서울,노원구,12.5,567581
2016,서울특별시,서울,은평구,14.5,491476
2016,서울특별시,서울,서대문구,15.1,314194
2016,서울특별시,서울,마포구,12.7,379892
2016,서울특별시,서울,양천구,10.9,477739
2016,서울특별시,서울,강서구,11.9,595485
2016,서울특별시,서울,구로구,13.2,417551
2016,서울특별시,서울,금천구,13.6,235386
2016,서울특별시,서울,영등포구,13.8,370613
2016,서울특별시,서울,동작구,13.7,400997
2016,서울특별시,서울,관악구,13.2,506851
2016,서울특별시,서울,서초구,11.4,447192
2016,서울특별시,서울,강남구,10.9,567115
2016,서울특별시,서울,송파구,10.8,657831
2016,서울특별시,서울,강동구,12,444168
2016,부산광역시,부산,중구,21.5,45208
2016,부산광역시,부산,서구,21.2,112973
2016,부산광역시,부산,동구,22.6,89826
2016,부산광역시,부산,영도구,21.5,126362
2016,부산광역시,부산,부산진구,16.1,376526
2016,부산광역시,부산,동래구,14.8,272745
2016,부산광역시,부산,남구,16.4,278779
2016,부산광역시,부산,북구,12.4,310202
2016,부산광역시,부산,해운대구,13.5,419853
2016,부산광역시,부산,사하구,14,334603
2016,부산광역시,부산,금정구,16.1,244624
2016,부산광역시,부산,강서구,11.3,108909
2016,부산광역시,부산,연제구,15.4,207268
2016,부산광역시,부산,수영구,17.2,179324
2016,부산광역시,부산,사상구,13.1,232800
2016,부산광역시,부산,기장군,13.3,158527
2016,대구광역시,대구,중구,19.2,79712
2016,대구광역시,대구,동구,15.9,351352
2016,대구광역시,대구,서구,16.6,199507
2016,대구광역시,대구,남구,19.2,156433
2016,대구광역시,대구,북구,11.6,440383
2016,대구광역시,대구,수성구,12.6,447011
2016,대구광역시,대구,달서구,10.6,591891
2016,대구광역시,대구,달성군,11.1,218268
2016,인천광역시,인천,중구,13.7,115249
2016,인천광역시,인천,동구,17.8,71014
2016,인천광역시,인천,연수구,8.2,328627
2016,인천광역시,인천,남동구,10.2,530982
2016,인천광역시,인천,부평구,11.1,549716
2016,인천광역시,인천,계양구,9,330284
2016,인천광역시,인천,서구,8.4,510733
2016,인천광역시,인천,미추홀구,13.8,417103
2016,인천광역시,인천,강화군,28.8,68010
2016,인천광역시,인천,옹진군,21.4,21351
2016,광주광역시,광주,동구,20.3,95791
2016,광주광역시,광주,서구,11.4,309579
2016,광주광역시,광주,남구,14.6,219729
2016,광주광역시,광주,북구,12.2,441066
2016,광주광역시,광주,광산구,8,403049
2016,대전광역시,대전,동구,15.2,234959
2016,대전광역시,대전,중구,15.2,252490
2016,대전광역시,대전,서구,10,491011
2016,대전광역시,대전,유성구,7.4,343222
2016,대전광역시,대전,대덕구,11.8,192688
2016,울산광역시,울산,중구,10.8,242536
2016,울산광역시,울산,남구,8.6,340714
2016,울산광역시,울산,동구,8.2,174514
2016,울산광역시,울산,북구,6.6,195285
2016,울산광역시,울산,울주군,11.8,219255
2016,세종특별자치시,세종,본청,10,243048
2016,경기도,경기,수원시,8.7,1194041
2016,경기도,경기,성남시,11.3,974580
2016,경기도,경기,의정부시,12.6,438457
2016,경기도,경기,안양시,10.3,597414
2016,경기도,경기,부천시,10.1,851380
2016,경기도,경기,광명시,10.8,339484
2016,경기도,경기,평택시,11.3,470832
2016,경기도,경기,동두천시,16.5,98277
2016,경기도,경기,안산시,8.3,689859
2016,경기도,경기,고양시,11,1039684
2016,경기도,경기,과천시,12.1,63778
2016,경기도,경기,구리시,10.6,193763
2016,경기도,경기,남양주시,11.5,662154
2016,경기도,경기,오산시,7.7,208656
2016,경기도,경기,시흥시,7.9,402888
2016,경기도,경기,군포시,10,284890
2016,경기도,경기,의왕시,10.8,156763
2016,경기도,경기,하남시,11,211101
2016,경기도,경기,용인시,11,991126
2016,경기도,경기,파주시,12.1,430781
2016,경기도,경기,이천시,12.1,210359
2016,경기도,경기,안성시,14.5,182896
2016,경기도,경기,김포시,11.1,363443
2016,경기도,경기,화성시,8.3,640890
2016,경기도,경기,광주시,10.7,327723
2016,경기도,경기,양주시,13,205513
2016,경기도,경기,포천시,15.7,154763
2016,경기도,경기,여주시,17.7,111563
2016,경기도,경기,연천군,22.1,45907
2016,경기도,경기,가평군,21.7,62448
2016,경기도,경기,양평군,21.2,111367
2016,강원도,강원,춘천시,14.9,280707
2016,강원도,강원,원주시,12.5,337979
2016,강원도,강원,강릉시,17.6,213846
2016,강원도,강원,동해시,16.2,93297
2016,강원도,강원,태백시,19.7,47070
2016,강원도,강원,속초시,15.6,81793
2016,강원도,강원,삼척시,21,69599
2016,강원도,강원,홍천군,21.3,70076
2016,강원도,강원,횡성군,24.6,45991
2016,강원도,강원,영월군,24.7,40073
2016,강원도,강원,평창군,22.7,43318
2016,강원도,강원,정선군,23.3,38718
2016,강원도,강원,철원군,19,48013
2016,강원도,강원,화천군,18.3,26264
2016,강원도,강원,양구군,17.1,24010
2016,강원도,강원,인제군,17.1,32720
2016,강원도,강원,고성군,23.7,30114
2016,강원도,강원,양양군,25.6,27218
2016,충청북도,충북,충주시,16.7,208350
2016,충청북도,충북,제천시,17.7,136517
2016,충청북도,충북,청주시,10.3,86048
2016,충청북도,충북,보은군,29.8,34221
2016,충청북도,충북,옥천군,25.4,52267
2016,충청북도,충북,영동군,27.2,50552
2016,충청북도,충북,진천군,16.2,69950
2016,충청북도,충북,괴산군,29.7,38973
2016,충청북도,충북,음성군,17.3,97787
2016,충청북도,충북,단양군,25.9,30503
2016,충청북도,충북,증평군,14.3,37308
2016,충청남도,충남,천안시,9.2,617955
2016,충청남도,충남,공주시,22,109931
2016,충청남도,충남,보령시,22.1,103873
2016,충청남도,충남,아산시,11.6,302929
2016,충청남도,충남,서산시,16.4,170788
2016,충청남도,충남,논산시,22.8,123213
2016,충청남도,충남,계룡시,9,42634
2016,충청남도,충남,당진시,16.5,166630
2016,충청남도,충남,금산군,26.7,54612
2016,충청남도,충남,부여군,29.6,70187
2016,충청남도,충남,서천군,31.4,56012
2016,충청남도,충남,청양군,31.5,32753
2016,충청남도,충남,홍성군,21.3,99971
2016,충청남도,충남,예산군,27.1,81339
2016,충청남도,충남,태안군,26.4,63900
2016,전라북도,전북,전주시,12.5,651744
2016,전라북도,전북,군산시,15.4,277551
2016,전라북도,전북,익산시,16.2,300479
2016,전라북도,전북,정읍시,24.5,115173
2016,전라북도,전북,남원시,24.6,84188
2016,전라북도,전북,김제시,28.3,87782
2016,전라북도,전북,완주군,19.7,95480
2016,전라북도,전북,진안군,31.2,26069
2016,전라북도,전북,무주군,30.2,24949
2016,전라북도,전북,장수군,29.5,23628
2016,전라북도,전북,임실군,31.6,30197
2016,전라북도,전북,순창군,30.7,29949
2016,전라북도,전북,고창군,29.5,60597
2016,전라북도,전북,부안군,28.9,57005
2016,전라남도,전남,목포시,13.6,237739
2016,전라남도,전남,여수시,16.1,288988
2016,전라남도,전남,순천시,13.6,278548
2016,전라남도,전남,나주시,22.5,104376
2016,전라남도,전남,광양시,10.9,155580
2016,전라남도,전남,담양군,28.2,47229
2016,전라남도,전남,곡성군,32.6,30400
2016,전라남도,전남,구례군,30.1,27412
2016,전라남도,전남,고흥군,37.5,67656
2016,전라남도,전남,보성군,34.3,44469
2016,전라남도,전남,화순군,23.8,65303
2016,전라남도,전남,장흥군,31,40669
2016,전라남도,전남,강진군,30.9,37753
2016,전라남도,전남,해남군,28.7,75121
2016,전라남도,전남,영암군,23.8,57045
2016,전라남도,전남,무안군,19.7,82109
2016,전라남도,전남,함평군,32.9,34397
2016,전라남도,전남,영광군,26.6,55618
2016,전라남도,전남,장성군,27.2,46104
2016,전라남도,전남,완도군,29.7,52668
2016,전라남도,전남,진도군,31.5,32078
2016,전라남도,전남,신안군,32.4,42652
2016,경상북도,경북,포항시,13.2,516775
2016,경상북도,경북,경주시,18.8,259452
2016,경상북도,경북,김천시,20,142256
2016,경상북도,경북,안동시,20.5,168798
2016,경상북도,경북,구미시,7.5,419891
2016,경상북도,경북,영주시,22.5,109247
2016,경상북도,경북,영천시,24.9,100521
2016,경상북도,경북,상주시,27.3,101799
2016,경상북도,경북,문경시,25.8,74702
2016,경상북도,경북,경산시,14.1,258037
2016,경상북도,경북,군위군,35.9,24171
2016,경상북도,경북,의성군,36.8,54014
2016,경상북도,경북,청송군,32.7,26301
2016,경상북도,경북,영양군,33.2,17713
2016,경상북도,경북,영덕군,33,39052
2016,경상북도,경북,청도군,32.8,43564
2016,경상북도,경북,고령군,25.9,34257
2016,경상북도,경북,성주군,27.4,45205
2016,경상북도,경북,칠곡군,12.6,123199
2016,경상북도,경북,예천군,32.6,46166
2016,경상북도,경북,봉화군,31.9,33539
2016,경상북도,경북,울진군,24.5,51738
2016,경상북도,경북,울릉군,21.5,10001
2016,경상남도,경남,진주시,14.2,346739
2016,경상남도,경남,통영시,15.1,138160
2016,경상남도,경남,사천시,18.7,114912
2016,경상남도,경남,김해시,9.1,529422
2016,경상남도,경남,밀양시,23.6,108354
2016,경상남도,경남,거제시,8.1,257183
2016,경상남도,경남,양산시,11.1,317037
2016,경상남도,경남,창원시,11,1063907
2016,경상남도,경남,의령군,33.6,28111
2016,경상남도,경남,함안군,20.3,68937
2016,경상남도,경남,창녕군,26.8,63982
2016,경상남도,경남,고성군,26.4,54703
2016,경상남도,경남,남해군,34.8,45129
2016,경상남도,경남,하동군,29.2,49622
2016,경상남도,경남,산청군,32.2,36098
2016,경상남도,경남,함양군,30.5,40241
2016,경상남도,경남,거창군,24.6,63308
2016,경상남도,경남,합천군,35.3,48026
2016,제주특별자치도,제주,본청,13.9,641597
2017,서울특별시,서울,종로구,16.8,154770
2017,서울특별시,서울,중구,16.8,125709
2017,서울특별시,서울,용산구,15.9,229161
2017,서울특별시,서울,성동구,13.5,304808
2017,서울특별시,서울,광진구,12.2,357703
2017,서울특별시,서울,동대문구,15.8,350647
2017,서울특별시,서울,중랑구,14.5,408226
2017,서울특별시,서울,성북구,14.9,444055
2017,서울특별시,서울,강북구,17.4,324479
2017,서울특별시,서울,도봉구,15.5,344166
2017,서울특별시,서울,노원구,13.4,554403
2017,서울특별시,서울,은평구,15.3,486794
2017,서울특별시,서울,서대문구,15.6,312800
2017,서울특별시,서울,마포구,13.2,374915
2017,서울특별시,서울,양천구,11.7,471154
2017,서울특별시,서울,강서구,12.6,601691
2017,서울특별시,서울,구로구,14.2,410742
2017,서울특별시,서울,금천구,14.4,235154
2017,서울특별시,서울,영등포구,14.5,368550
2017,서울특별시,서울,동작구,14.4,396217
2017,서울특별시,서울,관악구,13.9,503297
2017,서울특별시,서울,서초구,12,441102
2017,서울특별시,서울,강남구,11.7,556164
2017,서울특별시,서울,송파구,11.5,664496
2017,서울특별시,서울,강동구,12.9,436223
2017,부산광역시,부산,중구,22.8,44218
2017,부산광역시,부산,서구,22.2,110039
2017,부산광역시,부산,동구,23.7,88868
2017,부산광역시,부산,영도구,22.9,123521
2017,부산광역시,부산,부산진구,16.9,371703
2017,부산광역시,부산,동래구,15.8,270727
2017,부산광역시,부산,남구,17.5,273854
2017,부산광역시,부산,북구,13.5,302924
2017,부산광역시,부산,해운대구,14.5,412039
2017,부산광역시,부산,사하구,15.1,333301
2017,부산광역시,부산,금정구,17.2,244469
2017,부산광역시,부산,강서구,11.2,117382
2017,부산광역시,부산,연제구,16.3,206742
2017,부산광역시,부산,수영구,18.1,179996
2017,부산광역시,부산,사상구,14.3,229219
2017,부산광역시,부산,기장군,14,161651
2017,대구광역시,대구,중구,19.7,78986
2017,대구광역시,대구,동구,16.9,349379
2017,대구광역시,대구,서구,18.1,191992
2017,대구광역시,대구,남구,20.4,152845
2017,대구광역시,대구,북구,12.3,441375
2017,대구광역시,대구,수성구,13.4,439211
2017,대구광역시,대구,달서구,11.6,578068
2017,대구광역시,대구,달성군,11.1,243375
2017,인천광역시,인천,중구,14.1,117999
2017,인천광역시,인천,동구,19,69487
2017,인천광역시,인천,연수구,8.6,335142
2017,인천광역시,인천,남동구,10.9,536578
2017,인천광역시,인천,부평구,11.8,539941
2017,인천광역시,인천,계양구,9.8,323784
2017,인천광역시,인천,서구,8.9,516017
2017,인천광역시,인천,미추홀구,14.5,419267
2017,인천광역시,인천,강화군,29.7,68754
2017,인천광역시,인천,옹진군,22.4,21573
2017,광주광역시,광주,동구,21,95448
2017,광주광역시,광주,서구,12.1,306957
2017,광주광역시,광주,남구,15.4,218454
2017,광주광역시,광주,북구,12.9,438780
2017,광주광역시,광주,광산구,8.3,404131
2017,대전광역시,대전,동구,16.2,230516
2017,대전광역시,대전,중구,16.2,248933
2017,대전광역시,대전,서구,10.6,487448
2017,대전광역시,대전,유성구,7.9,348428
2017,대전광역시,대전,대덕구,12.8,186902
2017,울산광역시,울산,중구,11.7,238652
2017,울산광역시,울산,남구,9.4,335439
2017,울산광역시,울산,동구,9.2,169605
2017,울산광역시,울산,북구,7,200718
2017,울산광역시,울산,울주군,12.4,220718
2017,세종특별자치시,세종,본청,9.6,280100
2017,경기도,경기,수원시,9.3,1202628
2017,경기도,경기,성남시,11.9,967510
2017,경기도,경기,의정부시,13.2,441584
2017,경기도,경기,안양시,11,587764
2017,경기도,경기,부천시,10.9,850329
2017,경기도,경기,광명시,11.5,332790
2017,경기도,경기,평택시,11.6,481530
2017,경기도,경기,동두천시,17.5,97071
2017,경기도,경기,안산시,8.9,677710
2017,경기도,경기,고양시,11.5,1041983
2017,경기도,경기,과천시,13,57527
2017,경기도,경기,구리시,11.2,200042
2017,경기도,경기,남양주시,12.3,665321
2017,경기도,경기,오산시,8.1,213437
2017,경기도,경기,시흥시,8.2,419664
2017,경기도,경기,군포시,10.8,281205
2017,경기도,경기,의왕시,11.7,155767
2017,경기도,경기,하남시,11.5,232487
2017,경기도,경기,용인시,11.6,1004081
2017,경기도,경기,파주시,12.5,437848
2017,경기도,경기,이천시,12.6,213142
2017,경기도,경기,안성시,15.4,182786
2017,경기도,경기,김포시,11.4,392092
2017,경기도,경기,화성시,8.4,691086
2017,경기도,경기,광주시,11.3,345947
2017,경기도,경기,양주시,13.7,212146
2017,경기도,경기,포천시,16.6,152925
2017,경기도,경기,여주시,18.8,111984
2017,경기도,경기,연천군,22.9,45431
2017,경기도,경기,가평군,22.7,62973
2017,경기도,경기,양평군,22.2,115105
2017,강원도,강원,춘천시,15.7,280514
2017,강원도,강원,원주시,13.3,341337
2017,강원도,강원,강릉시,18.6,213952
2017,강원도,강원,동해시,17.1,92851
2017,강원도,강원,태백시,21,45888
2017,강원도,강원,속초시,16.4,82273
2017,강원도,강원,삼척시,22,68514
2017,강원도,강원,홍천군,22.6,70340
2017,강원도,강원,횡성군,26,46281
2017,강원도,강원,영월군,25.9,40067
2017,강원도,강원,평창군,24.1,43092
2017,강원도,강원,정선군,24.4,38173
2017,강원도,강원,철원군,19.6,47185
2017,강원도,강원,화천군,19,26022
2017,강원도,강원,양구군,17.9,23835
2017,강원도,강원,인제군,18,32582
2017,강원도,강원,고성군,24.3,30029
2017,강원도,강원,양양군,26.9,27207
2017,충청북도,충북,충주시,17.6,208316
2017,충청북도,충북,제천시,18.8,136432
2017,충청북도,충북,청주시,831521,10.7
2017,충청북도,충북,보은군,30.7,34053
2017,충청북도,충북,옥천군,26.5,51766
2017,충청북도,충북,영동군,28.1,50240
2017,충청북도,충북,진천군,16.1,73677
2017,충청북도,충북,괴산군,30.5,39054
2017,충청북도,충북,음성군,18.2,97306
2017,충청북도,충북,단양군,27,30215
2017,충청북도,충북,증평군,14.9,37783
2017,충청남도,충남,천안시,9.6,631531
2017,충청남도,충남,공주시,23.1,108432
2017,충청남도,충남,보령시,22.9,103198
2017,충청남도,충남,아산시,11.9,311453
2017,충청남도,충남,서산시,16.9,171678
2017,충청남도,충남,논산시,23.4,122240
2017,충청남도,충남,계룡시,9.5,43967
2017,충청남도,충남,당진시,17,167439
2017,충청남도,충남,금산군,27.8,53894
2017,충청남도,충남,부여군,30.7,69086
2017,충청남도,충남,서천군,32.5,55175
2017,충청남도,충남,청양군,31.8,32837
2017,충청남도,충남,홍성군,21.6,101570
2017,충청남도,충남,예산군,28.1,80338
2017,충청남도,충남,태안군,27.4,63932
2017,전라북도,전북,전주시,13.1,648964
2017,전라북도,전북,군산시,16.2,274997
2017,전라북도,전북,익산시,16.8,300187
2017,전라북도,전북,정읍시,25.1,113776
2017,전라북도,전북,남원시,25.4,83281
2017,전라북도,전북,김제시,28.9,86926
2017,전라북도,전북,완주군,20.2,95975
2017,전라북도,전북,진안군,31.6,26271
2017,전라북도,전북,무주군,31,24809
2017,전라북도,전북,장수군,30.9,23003
2017,전라북도,전북,임실군,32.1,30162
2017,전라북도,전북,순창군,31.3,29698
2017,전라북도,전북,고창군,30,60472
2017,전라북도,전북,부안군,29.7,56086
2017,전라남도,전남,목포시,14.4,234379
2017,전라남도,전남,여수시,17,286382
2017,전라남도,전남,순천시,14.1,279331
2017,전라남도,전남,나주시,22,110110
2017,전라남도,전남,광양시,11.4,155857
2017,전라남도,전남,담양군,28.8,47285
2017,전라남도,전남,곡성군,33.3,30131
2017,전라남도,전남,구례군,30.7,27525
2017,전라남도,전남,고흥군,38.2,66736
2017,전라남도,전남,보성군,35.3,43755
2017,전라남도,전남,화순군,24.5,64680
2017,전라남도,전남,장흥군,31.6,40136
2017,전라남도,전남,강진군,31.9,36868
2017,전라남도,전남,해남군,29.7,73604
2017,전라남도,전남,영암군,24.8,55616
2017,전라남도,전남,무안군,19.9,82872
2017,전라남도,전남,함평군,33.3,34328
2017,전라남도,전남,영광군,27.4,54774
2017,전라남도,전남,장성군,27.8,46111
2017,전라남도,전남,완도군,30.2,52109
2017,전라남도,전남,진도군,32.1,31765
2017,전라남도,전남,신안군,33.3,42070
2017,경상북도,경북,포항시,14.2,513832
2017,경상북도,경북,경주시,19.7,257903
2017,경상북도,경북,김천시,20.7,142908
2017,경상북도,경북,안동시,21.6,166272
2017,경상북도,경북,구미시,8,421799
2017,경상북도,경북,영주시,23.6,108371
2017,경상북도,경북,영천시,25.8,100615
2017,경상북도,경북,상주시,28.3,100947
2017,경상북도,경북,문경시,27.1,73294
2017,경상북도,경북,경산시,14.8,259485
2017,경상북도,경북,군위군,36.7,24215
2017,경상북도,경북,의성군,37.9,53474
2017,경상북도,경북,청송군,33.7,26006
2017,경상북도,경북,영양군,34.1,17479
2017,경상북도,경북,영덕군,34.1,38529
2017,경상북도,경북,청도군,34.1,43346
2017,경상북도,경북,고령군,27.4,33768
2017,경상북도,경북,성주군,28.4,45138
2017,경상북도,경북,칠곡군,13.4,120864
2017,경상북도,경북,예천군,31.4,49253
2017,경상북도,경북,봉화군,32.9,33259
2017,경상북도,경북,울진군,25.2,50974
2017,경상북도,경북,울릉군,22.4,9975
2017,경상남도,경남,진주시,14.9,346681
2017,경상남도,경남,통영시,16.2,135833
2017,경상남도,경남,사천시,19.4,114252
2017,경상남도,경남,김해시,9.6,532132
2017,경상남도,경남,밀양시,24.8,107898
2017,경상남도,경남,거제시,8.8,254073
2017,경상남도,경남,양산시,11.5,338535
2017,경상남도,경남,창원시,11.8,1057032
2017,경상남도,경남,의령군,34.6,27849
2017,경상남도,경남,함안군,21.2,68207
2017,경상남도,경남,창녕군,27.7,64101
2017,경상남도,경남,고성군,27.5,54060
2017,경상남도,경남,남해군,35.5,44642
2017,경상남도,경남,하동군,30.1,48831
2017,경상남도,경남,산청군,32.8,36340
2017,경상남도,경남,함양군,31.3,40175
2017,경상남도,경남,거창군,25.5,62763
2017,경상남도,경남,합천군,36.5,47000
2017,제주특별자치도,제주,본청,14.2,657083
2018,서울특별시,서울,종로구,17.4,153065
2018,서울특별시,서울,중구,17.3,125725
2018,서울특별시,서울,용산구,16.2,228999
2018,서울특별시,서울,성동구,13.8,308221
2018,서울특별시,서울,광진구,12.8,355559
2018,서울특별시,서울,동대문구,16.4,348052
2018,서울특별시,서울,중랑구,15.3,403209
2018,서울특별시,서울,성북구,15.5,435868
2018,서울특별시,서울,강북구,18.2,319164
2018,서울특별시,서울,도봉구,16.5,339413
2018,서울특별시,서울,노원구,14.2,543752
2018,서울특별시,서울,은평구,16,483197
2018,서울특별시,서울,서대문구,16.1,310313
2018,서울특별시,서울,마포구,13.5,375077
2018,서울특별시,서울,양천구,12.5,464185
2018,서울특별시,서울,강서구,13.3,596949
2018,서울특별시,서울,구로구,15.1,404497
2018,서울특별시,서울,금천구,15.1,233917
2018,서울특별시,서울,영등포구,14.9,367778
2018,서울특별시,서울,동작구,15,396203
2018,서울특별시,서울,관악구,14.3,501957
2018,서울특별시,서울,서초구,12.6,433951
2018,서울특별시,서울,강남구,12.3,542364
2018,서울특별시,서울,송파구,12.2,666635
2018,서울특별시,서울,강동구,13.7,427573
2018,부산광역시,부산,중구,24.3,42795
2018,부산광역시,부산,서구,22.8,110534
2018,부산광역시,부산,동구,24.6,86912
2018,부산광역시,부산,영도구,24.2,120109
2018,부산광역시,부산,부산진구,17.8,362357
2018,부산광역시,부산,동래구,16.6,266515
2018,부산광역시,부산,남구,17.9,279917
2018,부산광역시,부산,북구,14.5,296952
2018,부산광역시,부산,해운대구,15.3,409347
2018,부산광역시,부산,사하구,16.1,327791
2018,부산광역시,부산,금정구,18.3,242956
2018,부산광역시,부산,강서구,11.5,122957
2018,부산광역시,부산,연제구,17.1,207840
2018,부산광역시,부산,수영구,19.2,176246
2018,부산광역시,부산,사상구,15.4,223361
2018,부산광역시,부산,기장군,14.6,164864
2018,대구광역시,대구,중구,19.6,79401
2018,대구광역시,대구,동구,17.6,351291
2018,대구광역시,대구,서구,19.4,184372
2018,대구광역시,대구,남구,21.4,150501
2018,대구광역시,대구,북구,12.9,439489
2018,대구광역시,대구,수성구,14.1,432759
2018,대구광역시,대구,달서구,12.4,573413
2018,대구광역시,대구,달성군,11.5,250543
2018,인천광역시,인천,중구,14.3,122499
2018,인천광역시,인천,동구,20,66233
2018,인천광역시,인천,연수구,9,346359
2018,인천광역시,인천,남동구,11.6,537161
2018,인천광역시,인천,부평구,12.7,524640
2018,인천광역시,인천,계양구,10.6,312680
2018,인천광역시,인천,서구,9.3,538596
2018,인천광역시,인천,미추홀구,15.1,416542
2018,인천광역시,인천,강화군,30.7,68896
2018,인천광역시,인천,옹진군,23.6,21036
2018,광주광역시,광주,동구,21.5,94475
2018,광주광역시,광주,서구,12.6,304172
2018,광주광역시,광주,남구,16,216369
2018,광주광역시,광주,북구,13.4,439773
2018,광주광역시,광주,광산구,8.6,404547
2018,대전광역시,대전,동구,16.9,229071
2018,대전광역시,대전,중구,17,244421
2018,대전광역시,대전,서구,11.2,484663
2018,대전광역시,대전,유성구,8.4,349790
2018,대전광역시,대전,대덕구,13.6,181991
2018,울산광역시,울산,중구,12.7,231973
2018,울산광역시,울산,남구,10.2,330732
2018,울산광역시,울산,동구,10.2,164642
2018,울산광역시,울산,북구,7.3,206434
2018,울산광역시,울산,울주군,13,221842
2018,세종특별자치시,세종,본청,9.3,314126
2018,경기도,경기,수원시,9.8,1201166
2018,경기도,경기,성남시,12.6,954347
2018,경기도,경기,의정부시,13.7,447026
2018,경기도,경기,안양시,11.7,576831
2018,경기도,경기,부천시,11.6,843768
2018,경기도,경기,광명시,12.2,326841
2018,경기도,경기,평택시,11.8,495642
2018,경기도,경기,동두천시,18.4,96226
2018,경기도,경기,안산시,9.5,660343
2018,경기도,경기,고양시,12.1,1044189
2018,경기도,경기,과천시,13.4,58142
2018,경기도,경기,구리시,11.7,203553
2018,경기도,경기,남양주시,12.7,681828
2018,경기도,경기,오산시,8.4,220070
2018,경기도,경기,시흥시,8.4,448687
2018,경기도,경기,군포시,11.5,276916
2018,경기도,경기,의왕시,12.4,153932
2018,경기도,경기,하남시,11.9,254415
2018,경기도,경기,용인시,12.1,1035126
2018,경기도,경기,파주시,12.8,451848
2018,경기도,경기,이천시,13.1,214206
2018,경기도,경기,안성시,16,183579
2018,경기도,경기,김포시,11.5,423170
2018,경기도,경기,화성시,8.4,758722
2018,경기도,경기,광주시,11.8,363782
2018,경기도,경기,양주시,14.3,216951
2018,경기도,경기,포천시,17.5,150676
2018,경기도,경기,여주시,19.7,111525
2018,경기도,경기,연천군,23.8,44633
2018,경기도,경기,가평군,23.5,62918
2018,경기도,경기,양평군,23.2,116095
2018,강원도,강원,춘천시,16.2,280640
2018,강원도,강원,원주시,13.7,344070
2018,강원도,강원,강릉시,19.4,212957
2018,강원도,강원,동해시,18.1,91272
2018,강원도,강원,태백시,22.2,44858
2018,강원도,강원,속초시,17.1,81682
2018,강원도,강원,삼척시,22.7,68326
2018,강원도,강원,홍천군,23.5,69949
2018,강원도,강원,횡성군,26.6,46726
2018,강원도,강원,영월군,26.9,39730
2018,강원도,강원,평창군,25.1,42610
2018,강원도,강원,정선군,25.2,37700
2018,강원도,강원,철원군,20.4,46413
2018,강원도,강원,화천군,20.2,25084
2018,강원도,강원,양구군,18.5,23408
2018,강원도,강원,인제군,18.7,32136
2018,강원도,강원,고성군,26.4,28144
2018,강원도,강원,양양군,27.6,27347
2018,충청북도,충북,충주시,18.1,210504
2018,충청북도,충북,제천시,19.7,135386
2018,충청북도,충북,청주시,88656,831912
2018,충청북도,충북,보은군,31.6,33680
2018,충청북도,충북,옥천군,27.4,51465
2018,충청북도,충북,영동군,28.9,49715
2018,충청북도,충북,진천군,15.8,78218
2018,충청북도,충북,괴산군,30.9,39133
2018,충청북도,충북,음성군,19.1,95830
2018,충청북도,충북,단양군,27.7,30255
2018,충청북도,충북,증평군,15.7,37317
2018,충청남도,충남,천안시,9.8,646075
2018,충청남도,충남,공주시,23.7,107581
2018,충청남도,충남,보령시,23.6,101990
2018,충청남도,충남,아산시,12.2,312822
2018,충청남도,충남,서산시,17.2,174162
2018,충청남도,충남,논산시,24.3,120230
2018,충청남도,충남,계룡시,10.2,43731
2018,충청남도,충남,당진시,17.3,167770
2018,충청남도,충남,금산군,28.5,53222
2018,충청남도,충남,부여군,31.6,68078
2018,충청남도,충남,서천군,33.5,53922
2018,충청남도,충남,청양군,32.6,32296
2018,충청남도,충남,홍성군,22.1,101082
2018,충청남도,충남,예산군,28.8,80083
2018,충청남도,충남,태안군,28.4,63238
2018,전라북도,전북,전주시,13.6,651091
2018,전라북도,전북,군산시,16.8,272645
2018,전라북도,전북,익산시,17.5,294062
2018,전라북도,전북,정읍시,25.7,112169
2018,전라북도,전북,남원시,26,82554
2018,전라북도,전북,김제시,29.6,85331
2018,전라북도,전북,완주군,20.9,94444
2018,전라북도,전북,진안군,32.5,25963
2018,전라북도,전북,무주군,31.4,24589
2018,전라북도,전북,장수군,31,23221
2018,전라북도,전북,임실군,32.5,30072
2018,전라북도,전북,순창군,31.8,29209
2018,전라북도,전북,고창군,31.7,57041
2018,전라북도,전북,부안군,30.6,54441
2018,전라남도,전남,목포시,15,232327
2018,전라남도,전남,여수시,17.5,283300
2018,전라남도,전남,순천시,14.5,279389
2018,전라남도,전남,나주시,21.7,113839
2018,전라남도,전남,광양시,11.7,156564
2018,전라남도,전남,담양군,29.4,46917
2018,전라남도,전남,곡성군,33.9,29624
2018,전라남도,전남,구례군,31.4,27117
2018,전라남도,전남,고흥군,38.9,65777
2018,전라남도,전남,보성군,35.9,42803
2018,전라남도,전남,화순군,25,63933
2018,전라남도,전남,장흥군,32.1,39312
2018,전라남도,전남,강진군,32.7,36144
2018,전라남도,전남,해남군,30.3,71901
2018,전라남도,전남,영암군,25.3,54731
2018,전라남도,전남,무안군,20.2,81991
2018,전라남도,전남,함평군,34.2,33420
2018,전라남도,전남,영광군,27.8,54127
2018,전라남도,전남,장성군,28.2,45795
2018,전라남도,전남,완도군,30.6,51477
2018,전라남도,전남,진도군,32.4,31219
2018,전라남도,전남,신안군,33.8,41263
2018,경상북도,경북,포항시,15.1,510013
2018,경상북도,경북,경주시,20.4,256864
2018,경상북도,경북,김천시,21.5,141104
2018,경상북도,경북,안동시,22.7,162180
2018,경상북도,경북,구미시,8.4,421494
2018,경상북도,경북,영주시,24.7,106801
2018,경상북도,경북,영천시,26.4,101595
2018,경상북도,경북,상주시,29,100297
2018,경상북도,경북,문경시,28.3,71874
2018,경상북도,경북,경산시,15.3,261093
2018,경상북도,경북,군위군,37.6,23919
2018,경상북도,경북,의성군,38.9,52944
2018,경상북도,경북,청송군,34.9,25678
2018,경상북도,경북,영양군,35.1,17356
2018,경상북도,경북,영덕군,34.9,38108
2018,경상북도,경북,청도군,35.2,43057
2018,경상북도,경북,고령군,28.5,32969
2018,경상북도,경북,성주군,29.4,44672
2018,경상북도,경북,칠곡군,14,118828
2018,경상북도,경북,예천군,29.8,53274
2018,경상북도,경북,봉화군,33.6,32843
2018,경상북도,경북,울진군,26.1,50036
2018,경상북도,경북,울릉군,23.3,9832
2018,경상남도,경남,진주시,15.4,345987
2018,경상남도,경남,통영시,17.1,133720
2018,경상남도,경남,사천시,19.9,113888
2018,경상남도,경남,김해시,10.1,533672
2018,경상남도,경남,밀양시,25.8,106744
2018,경상남도,경남,거제시,9.4,250516
2018,경상남도,경남,양산시,12,348639
2018,경상남도,경남,창원시,12.5,1053601
2018,경상남도,경남,의령군,34.6,27667
2018,경상남도,경남,함안군,22.1,67025
2018,경상남도,경남,창녕군,28.4,63396
2018,경상남도,경남,고성군,28.5,53243
2018,경상남도,경남,남해군,36.2,43990
2018,경상남도,경남,하동군,31.2,47533
2018,경상남도,경남,산청군,33.6,35952
2018,경상남도,경남,함양군,31.5,40044
2018,경상남도,경남,거창군,26,62455
2018,경상남도,경남,합천군,37.2,45916
2018,제주특별자치도,제주,본청,14.4,667191
2019,서울특별시,서울,종로구,18.1,151290
2019,서울특별시,서울,중구,18.2,126171
2019,서울특별시,서울,용산구,16.8,228670
2019,서울특별시,서울,성동구,14.6,300889
2019,서울특별시,서울,광진구,13.6,351350
2019,서울특별시,서울,동대문구,17.1,346194
2019,서울특별시,서울,중랑구,16.4,397015
2019,서울특별시,서울,성북구,16,442650
2019,서울특별시,서울,강북구,19.3,313954
2019,서울특별시,서울,도봉구,17.6,333362
2019,서울특별시,서울,노원구,15.2,532905
2019,서울특별시,서울,은평구,16.8,480032
2019,서울특별시,서울,서대문구,16.7,309397
2019,서울특별시,서울,마포구,13.9,374035
2019,서울특별시,서울,양천구,13.3,458165
2019,서울특별시,서울,강서구,14.2,591796
2019,서울특별시,서울,구로구,16,406664
2019,서울특별시,서울,금천구,16,232810
2019,서울특별시,서울,영등포구,15.5,367678
2019,서울특별시,서울,동작구,15.7,395963
2019,서울특별시,서울,관악구,15,500094
2019,서울특별시,서울,서초구,13.2,430826
2019,서울특별시,서울,강남구,13,545169
2019,서울특별시,서울,송파구,12.9,675961
2019,서울특별시,서울,강동구,14.5,436067
2019,부산광역시,부산,중구,25.6,41910
2019,부산광역시,부산,서구,24.1,108229
2019,부산광역시,부산,동구,25.2,88165
2019,부산광역시,부산,영도구,25.8,116711
2019,부산광역시,부산,부산진구,18.8,357880
2019,부산광역시,부산,동래구,17.3,271247
2019,부산광역시,부산,남구,18.8,274480
2019,부산광역시,부산,북구,15.8,291132
2019,부산광역시,부산,해운대구,16.3,406102
2019,부산광역시,부산,사하구,17.4,321004
2019,부산광역시,부산,금정구,19.5,239062
2019,부산광역시,부산,강서구,11.7,129566
2019,부산광역시,부산,연제구,18.1,209395
2019,부산광역시,부산,수영구,20.2,176148
2019,부산광역시,부산,사상구,16.7,218094
2019,부산광역시,부산,기장군,15.4,164716
2019,대구광역시,대구,중구,20.1,77421
2019,대구광역시,대구,동구,18.5,345469
2019,대구광역시,대구,서구,21,175277
2019,대구광역시,대구,남구,22.3,148113
2019,대구광역시,대구,북구,13.7,437710
2019,대구광역시,대구,수성구,14.8,428614
2019,대구광역시,대구,달서구,13.3,568887
2019,대구광역시,대구,달성군,11.9,256540
2019,인천광역시,인천,중구,14.1,135135
2019,인천광역시,인천,동구,21.3,64427
2019,인천광역시,인천,연수구,9.4,366550
2019,인천광역시,인천,남동구,12.5,532704
2019,인천광역시,인천,부평구,13.6,511577
2019,인천광역시,인천,계양구,11.5,303471
2019,인천광역시,인천,서구,9.9,544556
2019,인천광역시,인천,미추홀구,16.1,408862
2019,인천광역시,인천,강화군,31.7,69178
2019,인천광역시,인천,옹진군,24.9,20566
2019,광주광역시,광주,동구,21.4,98585
2019,광주광역시,광주,서구,13.4,300975
2019,광주광역시,광주,남구,16.6,218060
2019,광주광역시,광주,북구,14.2,433533
2019,광주광역시,광주,광산구,9,405315
2019,대전광역시,대전,동구,17.9,226771
2019,대전광역시,대전,중구,18.2,240473
2019,대전광역시,대전,서구,11.9,481222
2019,대전광역시,대전,유성구,8.9,349373
2019,대전광역시,대전,대덕구,14.7,177031
2019,울산광역시,울산,중구,13.9,223581
2019,울산광역시,울산,남구,11.2,323819
2019,울산광역시,울산,동구,11.4,159656
2019,울산광역시,울산,북구,7.6,217796
2019,울산광역시,울산,울주군,13.7,223167
2019,세종특별자치시,세종,본청,9.4,340575
2019,경기도,경기,수원시,10.4,1194465
2019,경기도,경기,성남시,13.3,942724
2019,경기도,경기,의정부시,14.4,451868
2019,경기도,경기,안양시,12.6,567044
2019,경기도,경기,부천시,12.5,829996
2019,경기도,경기,광명시,13.1,316552
2019,경기도,경기,평택시,12.1,513027
2019,경기도,경기,동두천시,19.4,94768
2019,경기도,경기,안산시,10.2,650918
2019,경기도,경기,고양시,12.7,1066351
2019,경기도,경기,과천시,13.9,58289
2019,경기도,경기,구리시,12.6,199265
2019,경기도,경기,남양주시,13.3,701830
2019,경기도,경기,오산시,8.9,226379
2019,경기도,경기,시흥시,8.7,473682
2019,경기도,경기,군포시,12.2,275852
2019,경기도,경기,의왕시,12.9,161153
2019,경기도,경기,하남시,12.3,272455
2019,경기도,경기,용인시,12.6,1059609
2019,경기도,경기,파주시,13.4,454040
2019,경기도,경기,이천시,13.5,215834
2019,경기도,경기,안성시,16.8,183405
2019,경기도,경기,김포시,12,437221
2019,경기도,경기,화성시,8.5,815396
2019,경기도,경기,광주시,12.4,372654
2019,경기도,경기,양주시,15,222314
2019,경기도,경기,포천시,18.6,148379
2019,경기도,경기,여주시,20.8,111083
2019,경기도,경기,연천군,25.1,43824
2019,경기도,경기,가평군,24.7,62415
2019,경기도,경기,양평군,24.3,116874
2019,강원도,강원,춘천시,16.9,281291
2019,강원도,강원,원주시,14.3,349215
2019,강원도,강원,강릉시,20.2,213442
2019,강원도,강원,동해시,19.2,90522
2019,강원도,강원,태백시,23.5,43866
2019,강원도,강원,속초시,18.1,81786
2019,강원도,강원,삼척시,23.8,67228
2019,강원도,강원,홍천군,24.8,69150
2019,강원도,강원,횡성군,27.9,46575
2019,강원도,강원,영월군,28.2,39127
2019,강원도,강원,평창군,26.6,42106
2019,강원도,강원,정선군,26.4,37271
2019,강원도,강원,철원군,21.6,45584
2019,강원도,강원,화천군,21.3,24917
2019,강원도,강원,양구군,19.7,22764
2019,강원도,강원,인제군,19.6,31672
2019,강원도,강원,고성군,28.1,27260
2019,강원도,강원,양양군,28.7,27726
2019,충청북도,충북,충주시,18.9,210737
2019,충청북도,충북,제천시,20.6,134617
2019,충청북도,충북,청주시,11,91553
2019,충청북도,충북,보은군,33.1,32949
2019,충청북도,충북,옥천군,28.5,51023
2019,충청북도,충북,영동군,30,48738
2019,충청북도,충북,진천군,16,81084
2019,충청북도,충북,괴산군,32,39163
2019,충청북도,충북,음성군,20.1,94982
2019,충청북도,충북,단양군,29.1,29756
2019,충청북도,충북,증평군,16.4,37392
2019,충청남도,충남,천안시,10.3,652258
2019,충청남도,충남,공주시,24.8,106474
2019,충청남도,충남,보령시,24.7,101114
2019,충청남도,충남,아산시,12.7,314395
2019,충청남도,충남,서산시,17.8,174690
2019,충청남도,충남,논산시,25.3,118842
2019,충청남도,충남,계룡시,11.1,42971
2019,충청남도,충남,당진시,17.9,167042
2019,충청남도,충남,금산군,29.9,52257
2019,충청남도,충남,부여군,33,66740
2019,충청남도,충남,서천군,34.9,52805
2019,충청남도,충남,청양군,33.9,31717
2019,충청남도,충남,홍성군,22.9,100423
2019,충청남도,충남,예산군,29.9,79238
2019,충청남도,충남,태안군,29.6,62743
2019,전라북도,전북,전주시,14.2,654394
2019,전라북도,전북,군산시,17.8,270131
2019,전라북도,전북,익산시,18.6,287771
2019,전라북도,전북,정읍시,26.7,110541
2019,전라북도,전북,남원시,27.1,81441
2019,전라북도,전북,김제시,30.6,83895
2019,전라북도,전북,완주군,22.2,92220
2019,전라북도,전북,진안군,33.5,25697
2019,전라북도,전북,무주군,32.5,24303
2019,전라북도,전북,장수군,32.5,22441
2019,전라북도,전북,임실군,34,28902
2019,전라북도,전북,순창군,32.8,28382
2019,전라북도,전북,고창군,33.1,55504
2019,전라북도,전북,부안군,31.9,53295
2019,전라남도,전남,목포시,15.7,229861
2019,전라남도,전남,여수시,18.4,282786
2019,전라남도,전남,순천시,15.1,279598
2019,전라남도,전남,나주시,22,114664
2019,전라남도,전남,광양시,12.3,156750
2019,전라남도,전남,담양군,30,46535
2019,전라남도,전남,곡성군,34.9,28887
2019,전라남도,전남,구례군,32.7,26563
2019,전라남도,전남,고흥군,39.8,64913
2019,전라남도,전남,보성군,37.3,41420
2019,전라남도,전남,화순군,26,62737
2019,전라남도,전남,장흥군,33,38563
2019,전라남도,전남,강진군,33.7,35286
2019,전라남도,전남,해남군,31.2,70354
2019,전라남도,전남,영암군,25.8,54593
2019,전라남도,전남,무안군,20.8,81105
2019,전라남도,전남,함평군,35.2,32861
2019,전라남도,전남,영광군,28.2,53852
2019,전라남도,전남,장성군,28.6,45739
2019,전라남도,전남,완도군,31.4,50689
2019,전라남도,전남,진도군,32.8,30715
2019,전라남도,전남,신안군,34.9,40274
2019,경상북도,경북,포항시,16.2,507025
2019,경상북도,경북,경주시,21.4,255402
2019,경상북도,경북,김천시,22.1,141229
2019,경상북도,경북,안동시,23.7,160052
2019,경상북도,경북,구미시,8.9,419742
2019,경상북도,경북,영주시,25.9,105067
2019,경상북도,경북,영천시,27,102470
2019,경상북도,경북,상주시,29.6,100688
2019,경상북도,경북,문경시,28.9,72242
2019,경상북도,경북,경산시,16,263185
2019,경상북도,경북,군위군,38.5,23843
2019,경상북도,경북,의성군,39.9,52595
2019,경상북도,경북,청송군,35.9,25416
2019,경상북도,경북,영양군,36,16993
2019,경상북도,경북,영덕군,36,37361
2019,경상북도,경북,청도군,36.2,42910
2019,경상북도,경북,고령군,29.8,32373
2019,경상북도,경북,성주군,30.6,44015
2019,경상북도,경북,칠곡군,14.9,117047
2019,경상북도,경북,예천군,29.7,55100
2019,경상북도,경북,봉화군,34.9,32150
2019,경상북도,경북,울진군,27.1,49314
2019,경상북도,경북,울릉군,24.3,9617
2019,경상남도,경남,진주시,16.1,347334
2019,경상남도,경남,통영시,18.2,131404
2019,경상남도,경남,사천시,20.9,111925
2019,경상남도,경남,김해시,10.6,542455
2019,경상남도,경남,밀양시,27,105552
2019,경상남도,경남,거제시,10,248276
2019,경상남도,경남,양산시,12.7,350759
2019,경상남도,경남,창원시,13.4,1044740
2019,경상남도,경남,의령군,35.7,27168
2019,경상남도,경남,함안군,23.4,65700
2019,경상남도,경남,창녕군,29.6,62331
2019,경상남도,경남,고성군,29.8,52276
2019,경상남도,경남,남해군,36.6,43622
2019,경상남도,경남,하동군,32.5,46574
2019,경상남도,경남,산청군,35.1,35417
2019,경상남도,경남,함양군,32.4,39637
2019,경상남도,경남,거창군,26.7,62179
2019,경상남도,경남,합천군,38.1,45204
2019,제주특별자치도,제주,본청,15,670989
2020,서울특별시,서울,종로구,19,149384
2020,서울특별시,서울,중구,19.3,125240
2020,서울특별시,서울,용산구,17.3,230040
2020,서울특별시,서울,성동구,15.5,293556
2020,서울특별시,서울,광진구,14.5,346682
2020,서울특별시,서울,동대문구,18,342837
2020,서울특별시,서울,중랑구,17.6,394702
2020,서울특별시,서울,성북구,16.8,437153
2020,서울특별시,서울,강북구,20.6,308055
2020,서울특별시,서울,도봉구,19.1,325257
2020,서울특별시,서울,노원구,16.3,523037
2020,서울특별시,서울,은평구,17.7,479835
2020,서울특별시,서울,서대문구,17.2,312173
2020,서울특별시,서울,마포구,14.5,371890
2020,서울특별시,서울,양천구,14.4,454251
2020,서울특별시,서울,강서구,15.3,580185
2020,서울특별시,서울,구로구,17.1,404408
2020,서울특별시,서울,금천구,17,231733
2020,서울특별시,서울,영등포구,16,379480
2020,서울특별시,서울,동작구,16.6,391220
2020,서울특별시,서울,관악구,15.8,495060
2020,서울특별시,서울,서초구,14.1,425126
2020,서울특별시,서울,강남구,13.9,539231
2020,서울특별시,서울,송파구,14,667960
2020,서울특별시,서울,강동구,15.2,459970
2020,부산광역시,부산,중구,27.2,41523
2020,부산광역시,부산,서구,25.3,108135
2020,부산광역시,부산,동구,26.3,88901
2020,부산광역시,부산,영도구,27.8,113342
2020,부산광역시,부산,부산진구,19.7,359886
2020,부산광역시,부산,동래구,18.4,270745
2020,부산광역시,부산,남구,20.1,267731
2020,부산광역시,부산,북구,17.4,283952
2020,부산광역시,부산,해운대구,17.5,402169
2020,부산광역시,부산,사하구,19.1,311757
2020,부산광역시,부산,금정구,21,232666
2020,부산광역시,부산,강서구,12.1,137957
2020,부산광역시,부산,연제구,19.4,209157
2020,부산광역시,부산,수영구,21.3,176894
2020,부산광역시,부산,사상구,18.3,212586
2020,부산광역시,부산,기장군,15.9,174545
2020,대구광역시,대구,중구,20.8,76547
2020,대구광역시,대구,동구,19.7,341920
2020,대구광역시,대구,서구,22.6,170700
2020,대구광역시,대구,남구,23.3,146632
2020,대구광역시,대구,북구,14.5,440263
2020,대구광역시,대구,수성구,15.7,424314
2020,대구광역시,대구,달서구,14.4,558631
2020,대구광역시,대구,달성군,12.8,259339
2020,인천광역시,인천,중구,14.7,139729
2020,인천광역시,인천,동구,23.1,62542
2020,인천광역시,인천,연수구,9.9,387450
2020,인천광역시,인천,남동구,13.6,525354
2020,인천광역시,인천,부평구,14.8,494962
2020,인천광역시,인천,계양구,12.8,296750
2020,인천광역시,인천,서구,10.7,542040
2020,인천광역시,인천,미추홀구,17.1,404343
2020,인천광역시,인천,강화군,33,69203
2020,인천광역시,인천,옹진군,26.8,20455
2020,광주광역시,광주,동구,21.6,102897
2020,광주광역시,광주,서구,14.3,296576
2020,광주광역시,광주,남구,17.6,214579
2020,광주광역시,광주,북구,15.1,430431
2020,광주광역시,광주,광산구,9.5,405579
2020,대전광역시,대전,동구,19.1,223021
2020,대전광역시,대전,중구,19.4,235550
2020,대전광역시,대전,서구,12.8,477880
2020,대전광역시,대전,유성구,9.6,351047
2020,대전광역시,대전,대덕구,15.8,176384
2020,울산광역시,울산,중구,15.3,217595
2020,울산광역시,울산,남구,12.2,320064
2020,울산광역시,울산,동구,12.7,156806
2020,울산광역시,울산,북구,8.2,219014
2020,울산광역시,울산,울주군,14.8,222538
2020,세종특별자치시,세종,본청,9.8,355831
2020,경기도,경기,수원시,11.1,1186078
2020,경기도,경기,성남시,14.2,940064
2020,경기도,경기,의정부시,15.2,461710
2020,경기도,경기,안양시,13.7,550027
2020,경기도,경기,부천시,13.7,818383
2020,경기도,경기,광명시,14,298599
2020,경기도,경기,평택시,12.4,537307
2020,경기도,경기,동두천시,20.6,94353
2020,경기도,경기,안산시,10.9,654915
2020,경기도,경기,고양시,13.5,1079216
2020,경기도,경기,과천시,14.2,63231
2020,경기도,경기,구리시,13.7,197454
2020,경기도,경기,남양주시,14.1,713321
2020,경기도,경기,오산시,9.6,229725
2020,경기도,경기,시흥시,9.3,500895
2020,경기도,경기,군포시,13.3,273791
2020,경기도,경기,의왕시,13.6,163795
2020,경기도,경기,하남시,12.8,293452
2020,경기도,경기,용인시,13.3,1074176
2020,경기도,경기,파주시,13.9,465617
2020,경기도,경기,이천시,14.3,218388
2020,경기도,경기,안성시,17.6,187012
2020,경기도,경기,김포시,12.3,473970
2020,경기도,경기,화성시,8.9,855248
2020,경기도,경기,광주시,13.4,382054
2020,경기도,경기,양주시,15.7,230359
2020,경기도,경기,포천시,19.9,147274
2020,경기도,경기,여주시,21.9,111897
2020,경기도,경기,연천군,26.4,43516
2020,경기도,경기,가평군,26.2,62377
2020,경기도,경기,양평군,25.7,118810
2020,강원도,강원,춘천시,17.9,282765
2020,강원도,강원,원주시,15.1,354376
2020,강원도,강원,강릉시,21.3,213321
2020,강원도,강원,동해시,20.2,90593
2020,강원도,강원,태백시,25.2,42719
2020,강원도,강원,속초시,19.2,82665
2020,강원도,강원,삼척시,25.4,65243
2020,강원도,강원,홍천군,26.2,69242
2020,강원도,강원,횡성군,29.5,46472
2020,강원도,강원,영월군,29.7,38662
2020,강원도,강원,평창군,28.4,41681
2020,강원도,강원,정선군,28,36870
2020,강원도,강원,철원군,22.8,44699
2020,강원도,강원,화천군,22.6,24857
2020,강원도,강원,양구군,21.1,22278
2020,강원도,강원,인제군,20.6,31694
2020,강원도,강원,고성군,29.7,26757
2020,강원도,강원,양양군,29.8,27946
2020,충청북도,충북,충주시,19.9,210186
2020,충청북도,충북,제천시,22,133018
2020,충청북도,충북,청주시,835197,11.5
2020,충청북도,충북,보은군,34.6,32412
2020,충청북도,충북,옥천군,29.8,50527
2020,충청북도,충북,영동군,31.8,47475
2020,충청북도,충북,진천군,16.4,83718
2020,충청북도,충북,괴산군,33.4,39393
2020,충청북도,충북,음성군,21.4,93153
2020,충청북도,충북,단양군,31,29155
2020,충청북도,충북,증평군,17.4,36807
2020,충청남도,충남,천안시,11,658808
2020,충청남도,충남,공주시,26.5,104545
2020,충청남도,충남,보령시,26.2,100229
2020,충청남도,충남,아산시,13.4,316129
2020,충청남도,충남,서산시,18.5,175591
2020,충청남도,충남,논산시,26.7,116675
2020,충청남도,충남,계룡시,12,42822
2020,충청남도,충남,당진시,18.8,166249
2020,충청남도,충남,금산군,31.3,51413
2020,충청남도,충남,부여군,34.7,65354
2020,충청남도,충남,서천군,36.6,51866
2020,충청남도,충남,청양군,35.7,30948
2020,충청남도,충남,홍성군,24,100102
2020,충청남도,충남,예산군,31.5,78084
2020,충청남도,충남,태안군,31.1,62214
2020,전라북도,전북,전주시,15,657432
2020,전라북도,전북,군산시,18.9,267859
2020,전라북도,전북,익산시,19.9,282276
2020,전라북도,전북,정읍시,27.9,108508
2020,전라북도,전북,남원시,28.1,80662
2020,전라북도,전북,김제시,31.9,82450
2020,전라북도,전북,완주군,23.4,91609
2020,전라북도,전북,진안군,35,25394
2020,전라북도,전북,무주군,33.6,24036
2020,전라북도,전북,장수군,34.2,22085
2020,전라북도,전북,임실군,36.4,27314
2020,전라북도,전북,순창군,34,27810
2020,전라북도,전북,고창군,34.4,54529
2020,전라북도,전북,부안군,33.3,52140
2020,전라남도,전남,목포시,16.9,224044
2020,전라남도,전남,여수시,19.5,280242
2020,전라남도,전남,순천시,15.8,282189
2020,전라남도,전남,나주시,22.5,115613
2020,전라남도,전남,광양시,13.3,151769
2020,전라남도,전남,담양군,31.2,46280
2020,전라남도,전남,곡성군,36.3,28039
2020,전라남도,전남,구례군,34.5,25719
2020,전라남도,전남,고흥군,41.1,63922
2020,전라남도,전남,보성군,38.5,40482
2020,전라남도,전남,화순군,26.9,62522
2020,전라남도,전남,장흥군,34.2,37800
2020,전라남도,전남,강진군,34.8,34597
2020,전라남도,전남,해남군,32.4,68806
2020,전라남도,전남,영암군,26.8,53699
2020,전라남도,전남,무안군,20.4,86132
2020,전라남도,전남,함평군,36.6,32050
2020,전라남도,전남,영광군,29.2,53099
2020,전라남도,전남,장성군,30.1,44464
2020,전라남도,전남,완도군,32.5,49916
2020,전라남도,전남,진도군,33.1,31227
2020,전라남도,전남,신안군,36.7,38938
2020,경상북도,경북,포항시,17.5,502916
2020,경상북도,경북,경주시,22.6,253502
2020,경상북도,경북,김천시,23.1,140548
2020,경상북도,경북,안동시,24.7,158907
2020,경상북도,경북,구미시,9.6,416328
2020,경상북도,경북,영주시,27.3,103119
2020,경상북도,경북,영천시,28.3,102015
2020,경상북도,경북,상주시,31.3,97228
2020,경상북도,경북,문경시,30.2,71406
2020,경상북도,경북,경산시,16.9,263728
2020,경상북도,경북,군위군,40.7,23256
2020,경상북도,경북,의성군,41.5,51724
2020,경상북도,경북,청송군,37.5,25044
2020,경상북도,경북,영양군,37.6,16692
2020,경상북도,경북,영덕군,37.9,36313
2020,경상북도,경북,청도군,37.9,42263
2020,경상북도,경북,고령군,31.7,31361
2020,경상북도,경북,성주군,32.2,43414
2020,경상북도,경북,칠곡군,16,114758
2020,경상북도,경북,예천군,30.3,55613
2020,경상북도,경북,봉화군,36.7,31494
2020,경상북도,경북,울진군,28,48716
2020,경상북도,경북,울릉군,26.3,9077
2020,경상남도,경남,진주시,17,348096
2020,경상남도,경남,통영시,19.6,128293
2020,경상남도,경남,사천시,22.1,111105
2020,경상남도,경남,김해시,11.4,542338
2020,경상남도,경남,밀양시,28.5,104831
2020,경상남도,경남,거제시,10.9,245754
2020,경상남도,경남,양산시,13.8,352229
2020,경상남도,경남,창원시,14.6,1036738
2020,경상남도,경남,의령군,37,26800
2020,경상남도,경남,함안군,25.1,64182
2020,경상남도,경남,창녕군,31.2,61301
2020,경상남도,경남,고성군,31.3,51361
2020,경상남도,경남,남해군,37.8,42958
2020,경상남도,경남,하동군,34.6,44785
2020,경상남도,경남,산청군,36.8,34857
2020,경상남도,경남,함양군,33.8,39080
2020,경상남도,경남,거창군,27.7,61502
2020,경상남도,경남,합천군,39.6,44006
2020,제주특별자치도,제주,본청,15.7,674635
